,clube,data,rodada,local,resultado,gols_marcados,gols_sofridos,oponente,posse,gols_partida,escanteios,passes_certos_%,total_chutes,chutes_a_gol_%,chutes_por_gol,cartoes_amarelos,cartoes_vermelhos,faltas_cometidas,chutes_contra_o_gol,defesas_%,sem_vazamento,escudo
0,Manchester City,2021-03-13,28,Visitante,V,3.0,0.0,Fulham,54.0,3.0,2,84.9,7,85.7,2.3333333333333335,0,0,16,0,,1,https://d2p3bygnnzw9w3.cloudfront.net/req/202103121/tlogo/fb/b8fd03ef.png
1,Manchester City,2021-03-10,33,Em casa,V,5.0,2.0,Southampton,58.0,7.0,5,91.4,17,58.8,3.4,1,0,9,5,80.0,0,
2,Manchester City,2021-03-07,27,Em casa,D,0.0,2.0,Manchester Utd,66.0,2.0,6,88.3,23,26.1,0.0,0,0,12,5,80.0,0,
3,Manchester City,2021-03-02,29,Em casa,V,4.0,1.0,Wolves,73.0,5.0,10,90.0,21,47.6,5.25,0,0,9,1,0.0,0,
4,Manchester City,2021-02-27,26,Em casa,V,2.0,1.0,West Ham,63.0,3.0,4,88.4,10,30.0,5.0,1,0,8,3,66.7,0,
5,Manchester City,2021-02-21,25,Visitante,V,1.0,0.0,Arsenal,56.0,1.0,3,89.0,15,20.0,15.0,2,0,12,1,100.0,1,
6,Manchester City,2021-02-17,16,Visitante,V,3.0,1.0,Everton,71.0,4.0,10,88.6,16,43.8,5.333333333333333,1,0,10,1,0.0,0,
7,Manchester City,2021-02-13,24,Em casa,V,3.0,0.0,Tottenham,61.0,3.0,4,90.6,14,35.7,4.666666666666667,1,0,16,3,100.0,1,
8,Manchester City,2021-02-07,23,Visitante,V,4.0,1.0,Liverpool,44.0,5.0,1,86.0,7,71.4,1.75,1,0,8,2,100.0,0,
9,Manchester City,2021-02-03,22,Visitante,V,2.0,0.0,Burnley,74.0,2.0,3,91.4,13,46.2,6.5,1,0,5,0,,1,
10,Manchester City,2021-01-30,21,Em casa,V,1.0,0.0,Sheffield Utd,74.0,1.0,10,89.8,10,50.0,10.0,0,0,10,1,100.0,1,
11,Manchester City,2021-01-26,20,Visitante,V,5.0,0.0,West Brom,77.0,5.0,8,90.7,18,38.9,3.6,0,0,8,1,100.0,1,
12,Manchester City,2021-01-20, 1,Em casa,V,2.0,0.0,Aston Villa,68.0,2.0,16,86.0,27,29.6,13.5,0,0,11,4,100.0,1,
13,Manchester City,2021-01-17,19,Em casa,V,4.0,0.0,Crystal Palace,72.0,4.0,11,88.8,13,46.2,3.25,0,0,11,0,,1,
14,Manchester City,2021-01-13,18,Em casa,V,1.0,0.0,Brighton,65.0,1.0,8,88.3,15,40.0,15.0,0,0,5,1,100.0,1,
15,Manchester City,2021-01-03,17,Visitante,V,3.0,1.0,Chelsea,46.0,4.0,3,88.0,18,33.3,6.0,1,0,12,2,50.0,0,
16,Manchester City,2020-12-26,15,Em casa,V,2.0,0.0,Newcastle Utd,75.0,2.0,7,89.7,11,54.5,5.5,2,0,6,2,100.0,1,
17,Manchester City,2020-12-19,14,Visitante,V,1.0,0.0,Southampton,52.0,1.0,6,84.4,11,45.5,11.0,2,0,13,3,100.0,1,
18,Manchester City,2020-12-15,13,Em casa,E,1.0,1.0,West Brom,77.0,2.0,13,87.6,26,26.9,26.0,2,0,5,1,0.0,0,
19,Manchester City,2020-12-12,12,Visitante,E,0.0,0.0,Manchester Utd,54.0,0.0,3,86.3,9,22.2,0.0,1,0,10,2,100.0,1,
20,Manchester City,2020-12-05,11,Em casa,V,2.0,0.0,Fulham,69.0,2.0,9,88.9,15,33.3,7.5,0,0,10,1,100.0,1,
21,Manchester City,2020-11-28,10,Em casa,V,5.0,0.0,Burnley,68.0,5.0,6,88.9,19,36.8,3.8,0,0,13,1,100.0,1,
22,Manchester City,2020-11-21, 9,Visitante,D,0.0,2.0,Tottenham,67.0,2.0,10,86.8,21,23.8,0.0,2,0,20,2,0.0,0,
23,Manchester City,2020-11-08, 8,Em casa,E,1.0,1.0,Liverpool,54.0,2.0,1,85.2,6,33.3,6.0,3,0,21,2,100.0,0,
24,Manchester City,2020-10-31, 7,Visitante,V,1.0,0.0,Sheffield Utd,64.0,1.0,5,87.5,16,50.0,16.0,0,0,7,1,100.0,1,
25,Manchester City,2020-10-24, 6,Visitante,E,1.0,1.0,West Ham,70.0,2.0,10,88.4,14,50.0,14.0,0,0,8,2,50.0,0,
26,Manchester City,2020-10-17, 5,Em casa,V,1.0,0.0,Arsenal,59.0,1.0,6,88.1,13,38.5,13.0,4,0,17,3,100.0,1,
27,Manchester City,2020-10-03, 4,Visitante,E,1.0,1.0,Leeds United,48.0,2.0,10,80.5,23,4.3,23.0,1,0,15,7,85.7,0,
28,Manchester City,2020-09-27, 3,Em casa,D,2.0,5.0,Leicester City,72.0,7.0,3,87.2,16,31.3,8.0,1,0,13,4,50.0,0,
29,Manchester City,2020-09-21, 2,Visitante,V,3.0,1.0,Wolves,65.0,4.0,6,86.1,13,61.5,4.333333333333333,3,0,8,1,0.0,0,
0,Manchester Utd,2021-03-14,28,Em casa,V,1.0,0.0,West Ham,62.0,1.0,6,89.3,15,26.7,15.0,4,0,12,0,,1,https://d2p3bygnnzw9w3.cloudfront.net/req/202103121/tlogo/fb/19538871.png
1,Manchester Utd,2021-03-07,27,Visitante,V,2.0,0.0,Manchester City,34.0,2.0,2,78.5,7,71.4,3.5,3,0,14,6,100.0,1,
2,Manchester Utd,2021-03-03,29,Visitante,E,0.0,0.0,Crystal Palace,61.0,0.0,6,85.4,11,9.1,0.0,0,0,14,2,100.0,1,
3,Manchester Utd,2021-02-28,26,Visitante,E,0.0,0.0,Chelsea,43.0,0.0,4,80.5,11,36.4,0.0,2,0,14,6,100.0,1,
4,Manchester Utd,2021-02-21,25,Em casa,V,3.0,1.0,Newcastle Utd,71.0,4.0,6,86.7,14,42.9,4.666666666666667,1,0,10,6,83.3,0,
5,Manchester Utd,2021-02-14,24,Visitante,E,1.0,1.0,West Brom,73.0,2.0,5,85.1,10,60.0,10.0,0,0,11,3,66.7,0,
6,Manchester Utd,2021-02-06,23,Em casa,E,3.0,3.0,Everton,62.0,6.0,5,88.3,14,35.7,4.666666666666667,2,0,15,3,0.0,0,
7,Manchester Utd,2021-02-02,22,Em casa,V,9.0,0.0,Southampton,74.0,9.0,5,86.9,23,56.5,2.5555555555555554,2,0,11,1,100.0,1,
8,Manchester Utd,2021-01-30,21,Visitante,E,0.0,0.0,Arsenal,57.0,0.0,7,84.0,14,21.4,0.0,3,0,18,3,100.0,1,
9,Manchester Utd,2021-01-27,20,Em casa,D,1.0,2.0,Sheffield Utd,75.0,3.0,7,88.0,16,25.0,16.0,1,0,10,3,33.3,0,
10,Manchester Utd,2021-01-20,18,Visitante,V,2.0,1.0,Fulham,62.0,3.0,8,84.5,16,31.3,8.0,1,0,12,5,80.0,0,
11,Manchester Utd,2021-01-17,19,Visitante,E,0.0,0.0,Liverpool,34.0,0.0,3,73.4,8,50.0,0.0,1,0,10,3,100.0,1,
12,Manchester Utd,2021-01-12, 1,Visitante,V,1.0,0.0,Burnley,62.0,1.0,4,84.1,13,53.8,13.0,2,0,13,0,,1,
13,Manchester Utd,2021-01-01,17,Em casa,V,2.0,1.0,Aston Villa,47.0,3.0,5,82.1,18,44.4,9.0,4,0,28,5,80.0,0,
14,Manchester Utd,2020-12-29,16,Em casa,V,1.0,0.0,Wolves,58.0,1.0,2,85.4,11,27.3,11.0,1,0,13,5,100.0,1,
15,Manchester Utd,2020-12-26,15,Visitante,E,2.0,2.0,Leicester City,46.0,4.0,0,79.2,9,44.4,4.5,1,0,21,1,-100.0,0,
16,Manchester Utd,2020-12-20,14,Em casa,V,6.0,2.0,Leeds United,41.0,8.0,11,76.9,25,56.0,4.166666666666667,1,0,8,5,60.0,0,
17,Manchester Utd,2020-12-17,13,Visitante,V,3.0,2.0,Sheffield Utd,59.0,5.0,3,84.3,15,53.3,5.0,2,0,11,6,66.7,0,
18,Manchester Utd,2020-12-12,12,Em casa,E,0.0,0.0,Manchester City,46.0,0.0,4,84.0,11,18.2,0.0,1,0,16,2,100.0,1,
19,Manchester Utd,2020-12-05,11,Visitante,V,3.0,1.0,West Ham,60.0,4.0,4,86.2,15,40.0,5.0,0,0,12,6,83.3,0,
20,Manchester Utd,2020-11-29,10,Visitante,V,3.0,2.0,Southampton,50.0,5.0,9,81.0,15,40.0,5.0,0,0,13,5,60.0,0,
21,Manchester Utd,2020-11-21, 9,Em casa,V,1.0,0.0,West Brom,62.0,1.0,8,83.7,16,37.5,16.0,1,0,15,2,100.0,1,
22,Manchester Utd,2020-11-07, 8,Visitante,V,3.0,1.0,Everton,45.0,4.0,2,81.5,13,38.5,4.333333333333333,2,0,22,1,0.0,0,
23,Manchester Utd,2020-11-01, 7,Em casa,D,0.0,1.0,Arsenal,53.0,1.0,6,83.4,9,22.2,0.0,3,0,16,1,100.0,0,
24,Manchester Utd,2020-10-24, 6,Em casa,E,0.0,0.0,Chelsea,50.0,0.0,9,83.0,14,28.6,0.0,3,0,9,1,100.0,1,
25,Manchester Utd,2020-10-17, 5,Visitante,V,4.0,1.0,Newcastle Utd,63.0,5.0,7,84.1,27,40.7,6.75,1,0,16,4,75.0,0,
26,Manchester Utd,2020-10-04, 4,Em casa,D,1.0,6.0,Tottenham,38.0,7.0,2,82.7,4,25.0,4.0,2,1,16,7,28.6,0,
27,Manchester Utd,2020-09-26, 3,Visitante,V,3.0,2.0,Brighton,46.0,5.0,1,83.0,6,33.3,2.0,2,0,19,3,66.7,0,
28,Manchester Utd,2020-09-19, 2,Em casa,D,1.0,3.0,Crystal Palace,75.0,4.0,9,84.4,17,23.5,17.0,2,0,14,4,50.0,0,
0,Leicester City,2021-03-14,28,Em casa,V,5.0,0.0,Sheffield Utd,72.0,5.0,9,88.7,19,47.4,3.8,0,0,11,0,,1,https://d2p3bygnnzw9w3.cloudfront.net/req/202103121/tlogo/fb/a2d435b3.png
1,Leicester City,2021-03-06,27,Visitante,V,2.0,1.0,Brighton,62.0,3.0,6,84.7,8,50.0,4.0,1,0,10,2,50.0,0,
2,Leicester City,2021-03-03,29,Visitante,E,1.0,1.0,Burnley,61.0,2.0,8,80.5,16,25.0,16.0,2,0,12,7,85.7,0,
3,Leicester City,2021-02-28,26,Em casa,D,1.0,3.0,Arsenal,43.0,4.0,2,79.0,8,37.5,8.0,2,0,16,3,33.3,0,
4,Leicester City,2021-02-21,25,Visitante,V,2.0,1.0,Aston Villa,50.0,3.0,8,81.4,16,43.8,8.0,1,0,14,2,50.0,0,
5,Leicester City,2021-02-13,24,Em casa,V,3.0,1.0,Liverpool,38.0,4.0,2,70.4,11,54.5,3.6666666666666665,1,0,10,4,75.0,0,
6,Leicester City,2021-02-07,23,Visitante,E,0.0,0.0,Wolves,56.0,0.0,2,87.0,13,23.1,0.0,3,0,19,1,100.0,1,
7,Leicester City,2021-02-03,22,Visitante,V,2.0,0.0,Fulham,42.0,2.0,2,77.0,9,55.6,4.5,1,0,15,1,100.0,1,
8,Leicester City,2021-01-31,21,Em casa,D,1.0,3.0,Leeds United,50.0,4.0,5,76.2,18,44.4,18.0,0,0,17,6,50.0,0,
9,Leicester City,2021-01-27,20,Visitante,E,1.0,1.0,Everton,64.0,2.0,11,85.6,19,31.6,19.0,1,0,13,2,50.0,0,
10,Leicester City,2021-01-19,18,Em casa,V,2.0,0.0,Chelsea,37.0,2.0,6,78.0,8,75.0,4.0,1,0,12,5,100.0,1,
11,Leicester City,2021-01-16,19,Em casa,V,2.0,0.0,Southampton,47.0,2.0,2,75.1,16,25.0,8.0,2,0,11,3,100.0,1,
12,Leicester City,2021-01-03,17,Visitante,V,2.0,1.0,Newcastle Utd,55.0,3.0,6,78.1,9,33.3,4.5,2,0,14,2,50.0,0,
13,Leicester City,2020-12-28,16,Visitante,E,1.0,1.0,Crystal Palace,66.0,2.0,5,80.3,16,12.5,16.0,1,0,7,1,0.0,0,
14,Leicester City,2020-12-26,15,Em casa,E,2.0,2.0,Manchester Utd,54.0,4.0,5,78.3,10,10.0,5.0,2,0,15,4,50.0,0,
15,Leicester City,2020-12-20,14,Visitante,V,2.0,0.0,Tottenham,45.0,2.0,3,76.3,16,18.8,8.0,2,0,19,3,100.0,1,
16,Leicester City,2020-12-16,13,Em casa,D,0.0,2.0,Everton,61.0,2.0,4,83.2,14,14.3,0.0,2,0,16,6,66.7,0,
17,Leicester City,2020-12-13,12,Em casa,V,3.0,0.0,Brighton,55.0,3.0,9,85.3,16,37.5,5.333333333333333,2,0,13,4,100.0,1,
18,Leicester City,2020-12-06,11,Visitante,V,2.0,1.0,Sheffield Utd,69.0,3.0,5,83.3,13,30.8,6.5,3,0,9,1,0.0,0,
19,Leicester City,2020-11-30,10,Em casa,D,1.0,2.0,Fulham,66.0,3.0,6,85.6,17,23.5,17.0,0,0,9,4,75.0,0,
20,Leicester City,2020-11-22, 9,Visitante,D,0.0,3.0,Liverpool,44.0,3.0,3,76.8,11,36.4,0.0,2,0,8,12,75.0,0,
21,Leicester City,2020-11-08, 8,Em casa,V,1.0,0.0,Wolves,50.0,1.0,6,80.1,8,12.5,8.0,2,0,15,2,100.0,1,
22,Leicester City,2020-11-02, 7,Visitante,V,4.0,1.0,Leeds United,33.0,5.0,3,71.3,9,77.8,2.25,1,0,10,5,80.0,0,
23,Leicester City,2020-10-25, 6,Visitante,V,1.0,0.0,Arsenal,43.0,1.0,3,81.2,6,50.0,6.0,5,0,10,4,100.0,1,
24,Leicester City,2020-10-18, 5,Em casa,D,0.0,1.0,Aston Villa,50.0,1.0,2,74.8,11,45.5,0.0,4,0,22,4,75.0,0,
25,Leicester City,2020-10-04, 4,Em casa,D,0.0,3.0,West Ham,69.0,3.0,6,82.8,4,0.0,0.0,2,0,12,6,50.0,0,
26,Leicester City,2020-09-27, 3,Visitante,V,5.0,2.0,Manchester City,28.0,7.0,3,71.5,4,100.0,0.8,3,0,11,5,60.0,0,
27,Leicester City,2020-09-20, 2,Em casa,V,4.0,2.0,Burnley,66.0,6.0,15,82.9,12,50.0,3.0,1,0,12,5,60.0,0,
28,Leicester City,2020-09-13, 1,Visitante,V,3.0,0.0,West Brom,63.0,3.0,5,84.4,11,45.5,3.6666666666666665,1,0,11,1,100.0,1,
0,West Ham,2021-03-14,28,Visitante,D,0.0,1.0,Manchester Utd,38.0,1.0,2,78.9,7,0.0,0.0,0,0,6,4,75.0,0,https://d2p3bygnnzw9w3.cloudfront.net/req/202103121/tlogo/fb/7c21e445.png
1,West Ham,2021-03-08,27,Em casa,V,2.0,0.0,Leeds United,35.0,2.0,6,69.6,15,26.7,7.5,1,0,11,2,100.0,1,
2,West Ham,2021-02-27,26,Visitante,D,1.0,2.0,Manchester City,37.0,3.0,2,80.1,9,33.3,9.0,1,0,13,3,33.3,0,
3,West Ham,2021-02-21,25,Em casa,V,2.0,1.0,Tottenham,33.0,3.0,5,62.2,4,100.0,2.0,4,0,16,4,75.0,0,
4,West Ham,2021-02-15,24,Em casa,V,3.0,0.0,Sheffield Utd,45.0,3.0,7,81.9,12,66.7,4.0,0,0,12,5,100.0,1,
5,West Ham,2021-02-06,23,Visitante,E,0.0,0.0,Fulham,40.0,0.0,3,74.3,8,12.5,0.0,3,1,12,2,100.0,1,
6,West Ham,2021-02-03,22,Visitante,V,3.0,1.0,Aston Villa,42.0,4.0,3,78.2,20,45.0,6.666666666666667,1,0,18,2,50.0,0,
7,West Ham,2021-01-31,21,Em casa,D,1.0,3.0,Liverpool,33.0,4.0,6,74.7,8,25.0,8.0,2,0,11,5,40.0,0,
8,West Ham,2021-01-26,20,Visitante,V,3.0,2.0,Crystal Palace,47.0,5.0,4,77.1,17,41.2,5.666666666666667,0,0,9,3,33.3,0,
9,West Ham,2021-01-19,18,Em casa,V,2.0,1.0,West Brom,60.0,3.0,3,82.0,14,42.9,7.0,0,0,11,2,50.0,0,
10,West Ham,2021-01-16,19,Em casa,V,1.0,0.0,Burnley,46.0,1.0,7,67.7,14,21.4,14.0,2,0,16,2,100.0,1,
11,West Ham,2021-01-01,17,Visitante,V,1.0,0.0,Everton,40.0,1.0,4,75.8,11,45.5,11.0,0,0,9,2,100.0,1,
12,West Ham,2020-12-29,16,Visitante,E,0.0,0.0,Southampton,37.0,0.0,3,70.5,7,42.9,0.0,1,0,18,3,100.0,1,
13,West Ham,2020-12-27,15,Em casa,E,2.0,2.0,Brighton,43.0,4.0,5,74.6,11,36.4,5.5,0,0,9,4,50.0,0,
14,West Ham,2020-12-21,14,Visitante,D,0.0,3.0,Chelsea,47.0,3.0,4,76.2,6,0.0,0.0,0,0,7,7,57.1,0,
15,West Ham,2020-12-16,13,Em casa,E,1.0,1.0,Crystal Palace,52.0,2.0,5,81.8,9,22.2,9.0,0,0,9,3,66.7,0,
16,West Ham,2020-12-11,12,Visitante,V,2.0,1.0,Leeds United,36.0,3.0,6,71.3,19,36.8,9.5,2,0,10,6,100.0,0,
17,West Ham,2020-12-05,11,Em casa,D,1.0,3.0,Manchester Utd,40.0,4.0,5,76.9,19,31.6,19.0,0,0,11,6,50.0,0,
18,West Ham,2020-11-30,10,Em casa,V,2.0,1.0,Aston Villa,34.0,3.0,3,61.4,6,33.3,3.0,1,0,22,6,83.3,0,
19,West Ham,2020-11-22, 9,Visitante,V,1.0,0.0,Sheffield Utd,50.0,1.0,6,80.6,15,20.0,15.0,0,0,9,5,100.0,1,
20,West Ham,2020-11-07, 8,Em casa,V,1.0,0.0,Fulham,52.0,1.0,9,84.9,16,43.8,16.0,2,0,13,2,100.0,1,
21,West Ham,2020-10-31, 7,Visitante,D,1.0,2.0,Liverpool,27.0,3.0,2,70.0,4,75.0,4.0,1,0,15,2,50.0,0,
22,West Ham,2020-10-24, 6,Em casa,E,1.0,1.0,Manchester City,30.0,2.0,2,69.6,6,33.3,6.0,2,0,15,7,85.7,0,
23,West Ham,2020-10-18, 5,Visitante,E,3.0,3.0,Tottenham,49.0,6.0,7,77.2,13,30.8,4.333333333333333,5,0,15,6,50.0,0,
24,West Ham,2020-10-04, 4,Visitante,V,3.0,0.0,Leicester City,31.0,3.0,4,69.8,13,46.2,4.333333333333333,2,0,13,0,,1,
25,West Ham,2020-09-27, 3,Em casa,V,4.0,0.0,Wolves,38.0,4.0,1,75.9,15,46.7,3.75,0,0,8,2,100.0,1,
26,West Ham,2020-09-19, 2,Visitante,D,1.0,2.0,Arsenal,38.0,3.0,5,77.5,15,20.0,15.0,1,0,16,3,33.3,0,
27,West Ham,2020-09-12, 1,Em casa,D,0.0,2.0,Newcastle Utd,59.0,2.0,8,79.3,15,20.0,0.0,2,0,14,3,33.3,0,
0,Chelsea,2021-03-13,28,Visitante,E,0.0,0.0,Leeds United,62.0,0.0,5,82.8,15,53.3,0.0,0,0,8,4,100.0,1,https://d2p3bygnnzw9w3.cloudfront.net/req/202103121/tlogo/fb/cff3d9bb.png
1,Chelsea,2021-03-08,27,Em casa,V,2.0,0.0,Everton,65.0,2.0,7,89.4,18,44.4,9.0,0,0,15,1,100.0,1,
2,Chelsea,2021-03-04,29,Visitante,V,1.0,0.0,Liverpool,45.0,1.0,2,84.1,12,41.7,12.0,0,0,11,1,100.0,1,
3,Chelsea,2021-02-28,26,Em casa,E,0.0,0.0,Manchester Utd,57.0,0.0,3,87.7,18,33.3,0.0,1,0,17,4,100.0,1,
4,Chelsea,2021-02-20,25,Visitante,E,1.0,1.0,Southampton,70.0,2.0,6,86.0,8,25.0,8.0,1,0,10,1,0.0,0,
5,Chelsea,2021-02-15,24,Em casa,V,2.0,0.0,Newcastle Utd,65.0,2.0,10,85.8,18,27.8,9.0,0,0,10,4,100.0,1,
6,Chelsea,2021-02-07,23,Visitante,V,2.0,1.0,Sheffield Utd,68.0,3.0,8,87.9,8,12.5,4.0,0,0,10,3,66.7,0,
7,Chelsea,2021-02-04,22,Visitante,V,1.0,0.0,Tottenham,58.0,1.0,7,86.7,18,5.6,18.0,3,0,18,2,100.0,1,
8,Chelsea,2021-01-31,21,Em casa,V,2.0,0.0,Burnley,71.0,2.0,4,87.4,19,42.1,9.5,0,0,9,0,,1,
9,Chelsea,2021-01-27,20,Em casa,E,0.0,0.0,Wolves,79.0,0.0,12,90.1,14,35.7,0.0,1,0,15,0,,1,
10,Chelsea,2021-01-19,18,Visitante,D,0.0,2.0,Leicester City,63.0,2.0,3,87.5,9,55.6,0.0,3,0,20,6,66.7,0,
11,Chelsea,2021-01-16,19,Visitante,V,1.0,0.0,Fulham,68.0,1.0,12,86.4,21,28.6,21.0,3,0,13,2,100.0,1,
12,Chelsea,2021-01-03,17,Em casa,D,1.0,3.0,Manchester City,54.0,4.0,5,88.8,9,22.2,9.0,3,0,14,6,50.0,0,
13,Chelsea,2020-12-28,16,Em casa,E,1.0,1.0,Aston Villa,63.0,2.0,11,81.1,16,31.3,16.0,3,0,21,2,50.0,0,
14,Chelsea,2020-12-26,15,Visitante,D,1.0,3.0,Arsenal,59.0,4.0,9,81.6,18,11.1,18.0,1,0,15,6,66.7,0,
15,Chelsea,2020-12-21,14,Em casa,V,3.0,0.0,West Ham,53.0,3.0,5,83.8,11,63.6,3.6666666666666665,0,0,14,0,,1,
16,Chelsea,2020-12-15,13,Visitante,D,1.0,2.0,Wolves,54.0,3.0,6,82.5,13,23.1,13.0,2,0,16,4,50.0,0,
17,Chelsea,2020-12-12,12,Visitante,D,0.0,1.0,Everton,71.0,1.0,6,81.5,10,30.0,0.0,3,0,12,3,100.0,0,
18,Chelsea,2020-12-05,11,Em casa,V,3.0,1.0,Leeds United,46.0,4.0,8,76.2,23,43.5,7.666666666666667,0,0,15,3,66.7,0,
19,Chelsea,2020-11-29,10,Em casa,E,0.0,0.0,Tottenham,60.0,0.0,3,87.1,13,23.1,0.0,4,0,22,1,100.0,1,
20,Chelsea,2020-11-21, 9,Visitante,V,2.0,0.0,Newcastle Utd,71.0,2.0,4,87.8,14,21.4,7.0,0,0,14,1,100.0,1,
21,Chelsea,2020-11-07, 8,Em casa,V,4.0,1.0,Sheffield Utd,69.0,5.0,6,88.1,20,45.0,5.0,0,0,6,3,66.7,0,
22,Chelsea,2020-10-31, 7,Visitante,V,3.0,0.0,Burnley,64.0,3.0,4,87.0,14,64.3,4.666666666666667,0,0,17,0,,1,
23,Chelsea,2020-10-24, 6,Visitante,E,0.0,0.0,Manchester Utd,50.0,0.0,6,81.6,6,16.7,0.0,1,0,7,4,100.0,1,
24,Chelsea,2020-10-17, 5,Em casa,E,3.0,3.0,Southampton,53.0,6.0,6,81.7,12,41.7,4.0,1,0,11,6,50.0,0,
25,Chelsea,2020-10-03, 4,Em casa,V,4.0,0.0,Crystal Palace,69.0,4.0,8,88.3,15,26.7,3.75,2,0,18,0,,1,
26,Chelsea,2020-09-26, 3,Visitante,E,3.0,3.0,West Brom,75.0,6.0,9,87.5,24,45.8,8.0,3,0,17,3,0.0,0,
27,Chelsea,2020-09-20, 2,Em casa,D,0.0,2.0,Liverpool,39.0,2.0,1,84.7,4,50.0,0.0,0,1,13,5,60.0,0,
28,Chelsea,2020-09-14, 1,Visitante,V,3.0,1.0,Brighton,47.0,4.0,3,83.1,9,44.4,3.0,0,0,13,3,66.7,0,
0,Liverpool,2021-03-07,27,Em casa,D,0.0,1.0,Fulham,64.0,1.0,9,82.8,16,25.0,0.0,2,0,13,3,66.7,0,https://d2p3bygnnzw9w3.cloudfront.net/req/202103121/tlogo/fb/822bd0ba.png
1,Liverpool,2021-03-04,29,Em casa,D,0.0,1.0,Chelsea,55.0,1.0,5,84.8,7,14.3,0.0,0,0,9,5,80.0,0,
2,Liverpool,2021-02-28,26,Visitante,V,2.0,0.0,Sheffield Utd,60.0,2.0,3,85.1,15,53.3,7.5,0,0,11,3,100.0,1,
3,Liverpool,2021-02-20,25,Em casa,D,0.0,2.0,Everton,71.0,2.0,7,85.2,16,37.5,0.0,2,0,10,5,80.0,0,
4,Liverpool,2021-02-13,24,Visitante,D,1.0,3.0,Leicester City,62.0,4.0,12,79.2,15,26.7,15.0,2,0,7,6,50.0,0,
5,Liverpool,2021-02-07,23,Em casa,D,1.0,4.0,Manchester City,56.0,5.0,6,86.5,7,28.6,7.0,2,0,15,5,20.0,0,
6,Liverpool,2021-02-03,22,Em casa,D,0.0,1.0,Brighton,63.0,1.0,5,84.4,11,0.0,0.0,1,0,12,4,75.0,0,
7,Liverpool,2021-01-31,21,Visitante,V,3.0,1.0,West Ham,67.0,4.0,4,88.7,14,35.7,4.666666666666667,0,0,8,2,50.0,0,
8,Liverpool,2021-01-28,20,Visitante,V,3.0,1.0,Tottenham,50.0,4.0,2,85.4,14,50.0,4.666666666666667,2,0,11,2,50.0,0,
9,Liverpool,2021-01-21,18,Em casa,D,0.0,1.0,Burnley,72.0,1.0,12,82.1,27,22.2,0.0,2,0,11,3,100.0,0,
10,Liverpool,2021-01-17,19,Em casa,E,0.0,0.0,Manchester Utd,66.0,0.0,7,84.1,17,17.6,0.0,2,0,15,4,100.0,1,
11,Liverpool,2021-01-04,17,Visitante,D,0.0,1.0,Southampton,67.0,1.0,10,79.3,17,5.9,0.0,3,0,15,2,50.0,0,
12,Liverpool,2020-12-30,16,Visitante,E,0.0,0.0,Newcastle Utd,72.0,0.0,12,84.2,11,36.4,0.0,3,0,13,2,100.0,1,
13,Liverpool,2020-12-27,15,Em casa,E,1.0,1.0,West Brom,77.0,2.0,7,86.9,17,11.8,17.0,0,0,9,3,66.7,0,
14,Liverpool,2020-12-19,14,Visitante,V,7.0,0.0,Crystal Palace,64.0,7.0,4,86.9,14,50.0,2.0,0,0,16,3,100.0,1,
15,Liverpool,2020-12-16,13,Em casa,V,2.0,1.0,Tottenham,75.0,3.0,7,86.9,17,64.7,8.5,0,0,9,3,66.7,0,
16,Liverpool,2020-12-13,12,Visitante,E,1.0,1.0,Fulham,74.0,2.0,8,84.7,11,45.5,11.0,1,0,6,5,80.0,0,
17,Liverpool,2020-12-06,11,Em casa,V,4.0,0.0,Wolves,60.0,4.0,4,87.8,11,54.5,2.75,1,0,8,3,100.0,1,
18,Liverpool,2020-11-28,10,Visitante,E,1.0,1.0,Brighton,60.0,2.0,3,80.8,6,33.3,6.0,1,0,15,2,100.0,0,
19,Liverpool,2020-11-22, 9,Em casa,V,3.0,0.0,Leicester City,56.0,3.0,10,83.9,24,50.0,8.0,0,0,20,4,100.0,1,
20,Liverpool,2020-11-08, 8,Visitante,E,1.0,1.0,Manchester City,46.0,2.0,2,80.2,9,22.2,9.0,1,0,11,2,50.0,0,
21,Liverpool,2020-10-31, 7,Em casa,V,2.0,1.0,West Ham,73.0,3.0,1,87.6,8,25.0,4.0,0,0,16,3,66.7,0,
22,Liverpool,2020-10-24, 6,Em casa,V,2.0,1.0,Sheffield Utd,61.0,3.0,7,84.5,17,29.4,8.5,0,0,8,1,100.0,0,
23,Liverpool,2020-10-17, 5,Visitante,E,2.0,2.0,Everton,57.0,4.0,5,80.2,22,36.4,11.0,2,0,11,5,60.0,0,
24,Liverpool,2020-10-04, 4,Visitante,D,2.0,7.0,Aston Villa,69.0,9.0,6,83.7,14,57.1,7.0,1,0,11,11,36.4,0,
25,Liverpool,2020-09-28, 3,Em casa,V,3.0,1.0,Arsenal,67.0,4.0,7,87.2,21,42.9,7.0,2,0,13,3,66.7,0,
26,Liverpool,2020-09-20, 2,Visitante,V,2.0,0.0,Chelsea,61.0,2.0,11,87.4,17,29.4,8.5,0,0,8,2,100.0,1,
27,Liverpool,2020-09-12, 1,Em casa,V,4.0,3.0,Leeds United,50.0,7.0,9,75.3,20,20.0,5.0,1,0,9,3,0.0,0,
0,Everton,2021-03-13,28,Em casa,D,1.0,2.0,Burnley,65.0,3.0,7,81.2,14,28.6,14.0,0,0,10,5,60.0,0,https://d2p3bygnnzw9w3.cloudfront.net/req/202103121/tlogo/fb/d3fd31cc.png
1,Everton,2021-03-08,27,Visitante,D,0.0,2.0,Chelsea,35.0,2.0,3,78.9,7,14.3,0.0,3,0,21,8,87.5,0,
2,Everton,2021-03-04,29,Visitante,V,1.0,0.0,West Brom,51.0,1.0,3,79.5,11,36.4,11.0,1,0,8,3,100.0,1,
3,Everton,2021-03-01,26,Em casa,V,1.0,0.0,Southampton,47.0,1.0,4,75.5,7,14.3,7.0,0,0,13,1,100.0,1,
4,Everton,2021-02-20,25,Visitante,V,2.0,0.0,Liverpool,29.0,2.0,2,65.1,8,62.5,4.0,1,0,14,6,100.0,1,
5,Everton,2021-02-17,16,Em casa,D,1.0,3.0,Manchester City,29.0,4.0,0,74.4,3,33.3,3.0,2,0,9,7,57.1,0,
6,Everton,2021-02-14,24,Em casa,D,0.0,2.0,Fulham,50.0,2.0,5,81.8,7,28.6,0.0,1,0,8,3,33.3,0,
7,Everton,2021-02-06,23,Visitante,E,3.0,3.0,Manchester Utd,38.0,6.0,1,79.7,6,50.0,2.0,1,0,14,5,40.0,0,
8,Everton,2021-02-03,22,Visitante,V,2.0,1.0,Leeds United,38.0,3.0,1,75.1,10,60.0,5.0,3,0,12,7,85.7,0,
9,Everton,2021-01-30,21,Em casa,D,0.0,2.0,Newcastle Utd,60.0,2.0,7,82.8,11,27.3,0.0,3,0,15,3,33.3,0,
10,Everton,2021-01-27,20,Em casa,E,1.0,1.0,Leicester City,36.0,2.0,5,73.2,8,25.0,8.0,1,0,16,6,83.3,0,
11,Everton,2021-01-12,18,Visitante,V,2.0,1.0,Wolves,47.0,3.0,5,86.1,5,60.0,2.5,2,0,12,3,66.7,0,
12,Everton,2021-01-01,17,Em casa,D,0.0,1.0,West Ham,60.0,1.0,5,81.9,10,20.0,0.0,2,0,14,5,80.0,0,
13,Everton,2020-12-26,15,Visitante,V,1.0,0.0,Sheffield Utd,56.0,1.0,3,80.0,7,42.9,7.0,4,0,13,1,100.0,1,
14,Everton,2020-12-19,14,Em casa,V,2.0,1.0,Arsenal,43.0,3.0,4,80.7,9,22.2,4.5,1,0,10,2,100.0,0,
15,Everton,2020-12-16,13,Visitante,V,2.0,0.0,Leicester City,39.0,2.0,6,74.9,11,54.5,5.5,3,0,10,2,100.0,1,
16,Everton,2020-12-12,12,Em casa,V,1.0,0.0,Chelsea,29.0,1.0,6,65.4,8,37.5,8.0,2,0,14,3,100.0,1,
17,Everton,2020-12-05,11,Visitante,E,1.0,1.0,Burnley,59.0,2.0,4,81.2,13,46.2,13.0,0,0,10,3,66.7,0,
18,Everton,2020-11-28,10,Em casa,D,0.0,1.0,Leeds United,42.0,1.0,4,77.0,17,52.9,0.0,1,0,10,6,83.3,0,
19,Everton,2020-11-22, 9,Visitante,V,3.0,2.0,Fulham,46.0,5.0,5,76.9,9,77.8,3.0,0,0,12,6,66.7,0,
20,Everton,2020-11-07, 8,Em casa,D,1.0,3.0,Manchester Utd,55.0,4.0,5,81.7,7,14.3,7.0,4,0,16,5,40.0,0,
21,Everton,2020-11-01, 7,Visitante,D,1.0,2.0,Newcastle Utd,62.0,3.0,4,87.8,15,26.7,15.0,4,0,13,3,66.7,0,
22,Everton,2020-10-25, 6,Visitante,D,0.0,2.0,Southampton,46.0,2.0,5,83.8,6,33.3,0.0,2,1,11,6,66.7,0,
23,Everton,2020-10-17, 5,Em casa,E,2.0,2.0,Liverpool,43.0,4.0,2,74.9,11,45.5,5.5,3,1,20,8,75.0,0,
24,Everton,2020-10-03, 4,Em casa,V,4.0,2.0,Brighton,44.0,6.0,3,84.4,11,54.5,2.75,0,0,14,3,33.3,0,
25,Everton,2020-09-26, 3,Visitante,V,2.0,1.0,Crystal Palace,58.0,3.0,6,83.5,9,44.4,4.5,1,0,20,1,0.0,0,
26,Everton,2020-09-19, 2,Em casa,V,5.0,2.0,West Brom,72.0,7.0,11,88.1,16,43.8,3.2,1,0,12,4,50.0,0,
27,Everton,2020-09-13, 1,Visitante,V,1.0,0.0,Tottenham,49.0,1.0,3,84.2,15,33.3,15.0,0,0,10,5,100.0,1,
0,Tottenham,2021-03-14,28,Visitante,D,1.0,2.0,Arsenal,48.0,3.0,3,80.9,6,33.3,6.0,4,1,17,2,50.0,0,https://d2p3bygnnzw9w3.cloudfront.net/req/202103121/tlogo/fb/361ca564.png
1,Tottenham,2021-03-07,27,Em casa,V,4.0,1.0,Crystal Palace,62.0,5.0,1,89.1,12,41.7,3.0,2,0,11,1,0.0,0,
2,Tottenham,2021-03-04,33,Visitante,V,1.0,0.0,Fulham,41.0,1.0,1,73.0,9,22.2,9.0,1,0,12,3,100.0,1,
3,Tottenham,2021-02-28,26,Em casa,V,4.0,0.0,Burnley,59.0,4.0,3,85.6,16,43.8,4.0,0,0,7,3,100.0,1,
4,Tottenham,2021-02-21,25,Visitante,D,1.0,2.0,West Ham,67.0,3.0,7,81.4,20,20.0,20.0,3,0,8,4,50.0,0,
5,Tottenham,2021-02-13,24,Visitante,D,0.0,3.0,Manchester City,39.0,3.0,2,83.8,7,42.9,0.0,3,0,16,5,60.0,0,
6,Tottenham,2021-02-07,23,Em casa,V,2.0,0.0,West Brom,65.0,2.0,8,84.8,13,46.2,6.5,1,0,17,1,100.0,1,
7,Tottenham,2021-02-04,22,Em casa,D,0.0,1.0,Chelsea,42.0,1.0,2,79.5,7,28.6,0.0,2,0,22,1,100.0,0,
8,Tottenham,2021-01-31,21,Visitante,D,0.0,1.0,Brighton,57.0,1.0,2,81.4,8,50.0,0.0,1,0,13,2,50.0,0,
9,Tottenham,2021-01-28,20,Em casa,D,1.0,3.0,Liverpool,50.0,4.0,1,83.5,3,66.7,3.0,1,0,13,7,57.1,0,
10,Tottenham,2021-01-17,19,Visitante,V,3.0,1.0,Sheffield Utd,57.0,4.0,7,83.7,14,35.7,4.666666666666667,0,0,5,5,80.0,0,
11,Tottenham,2021-01-13,16,Em casa,E,1.0,1.0,Fulham,52.0,2.0,6,81.1,15,40.0,15.0,1,0,14,4,75.0,0,
12,Tottenham,2021-01-02,17,Em casa,V,3.0,0.0,Leeds United,38.0,3.0,3,74.2,19,31.6,6.333333333333333,4,1,19,5,100.0,1,
13,Tottenham,2020-12-27,15,Visitante,E,1.0,1.0,Wolves,45.0,2.0,2,80.0,7,42.9,7.0,1,0,16,6,83.3,0,
14,Tottenham,2020-12-20,14,Em casa,D,0.0,2.0,Leicester City,55.0,2.0,5,78.1,9,33.3,0.0,2,0,16,3,66.7,0,
15,Tottenham,2020-12-16,13,Visitante,D,1.0,2.0,Liverpool,25.0,3.0,4,60.5,8,37.5,8.0,2,0,11,11,81.8,0,
16,Tottenham,2020-12-13,12,Visitante,E,1.0,1.0,Crystal Palace,56.0,2.0,7,78.8,14,42.9,14.0,1,0,13,5,80.0,0,
17,Tottenham,2020-12-06,11,Em casa,V,2.0,0.0,Arsenal,32.0,2.0,3,69.5,6,50.0,3.0,1,0,18,2,100.0,1,
18,Tottenham,2020-11-29,10,Visitante,E,0.0,0.0,Chelsea,40.0,0.0,3,79.1,5,20.0,0.0,2,0,11,3,100.0,1,
19,Tottenham,2020-11-21, 9,Em casa,V,2.0,0.0,Manchester City,33.0,2.0,0,73.5,4,50.0,2.0,2,0,17,5,100.0,1,
20,Tottenham,2020-11-08, 8,Visitante,V,1.0,0.0,West Brom,59.0,1.0,6,77.4,19,26.3,19.0,0,0,12,2,100.0,1,
21,Tottenham,2020-11-01, 7,Em casa,V,2.0,1.0,Brighton,44.0,3.0,4,74.8,8,25.0,4.0,2,0,14,2,50.0,0,
22,Tottenham,2020-10-26, 6,Visitante,V,1.0,0.0,Burnley,61.0,1.0,5,82.7,8,37.5,8.0,0,0,9,3,100.0,1,
23,Tottenham,2020-10-18, 5,Em casa,E,3.0,3.0,West Ham,51.0,6.0,3,81.0,11,54.5,3.6666666666666665,0,0,13,4,25.0,0,
24,Tottenham,2020-10-04, 4,Visitante,V,6.0,1.0,Manchester Utd,62.0,7.0,4,90.1,21,33.3,3.5,1,0,17,1,100.0,0,
25,Tottenham,2020-09-27, 3,Em casa,E,1.0,1.0,Newcastle Utd,66.0,2.0,10,87.0,23,47.8,23.0,1,0,15,0,,0,
26,Tottenham,2020-09-20, 2,Visitante,V,5.0,2.0,Southampton,49.0,7.0,2,72.7,9,66.7,1.8,3,0,20,5,80.0,0,
27,Tottenham,2020-09-13, 1,Em casa,D,0.0,1.0,Everton,51.0,1.0,5,83.8,10,50.0,0.0,1,0,17,5,80.0,0,
0,Aston Villa,2021-03-12,28,Visitante,E,1.0,1.0,Newcastle Utd,52.0,2.0,2,77.8,15,33.3,15.0,3,0,13,3,66.7,0,https://d2p3bygnnzw9w3.cloudfront.net/req/202103121/tlogo/fb/8602292d.png
1,Aston Villa,2021-03-06,27,Em casa,E,0.0,0.0,Wolves,50.0,0.0,5,76.7,9,11.1,0.0,1,0,15,2,100.0,1,
2,Aston Villa,2021-03-03,29,Visitante,D,0.0,1.0,Sheffield Utd,71.0,1.0,7,81.3,16,25.0,0.0,0,0,6,2,50.0,0,
3,Aston Villa,2021-02-27,26,Visitante,V,1.0,0.0,Leeds United,32.0,1.0,5,61.1,9,44.4,9.0,2,0,17,3,100.0,1,
4,Aston Villa,2021-02-21,25,Em casa,D,1.0,2.0,Leicester City,50.0,3.0,7,78.2,11,18.2,11.0,2,0,15,7,71.4,0,
5,Aston Villa,2021-02-13,24,Visitante,E,0.0,0.0,Brighton,42.0,0.0,2,75.1,4,25.0,0.0,3,0,14,9,100.0,1,
6,Aston Villa,2021-02-06,23,Em casa,V,1.0,0.0,Arsenal,35.0,1.0,3,74.0,12,66.7,12.0,3,0,14,4,100.0,1,
7,Aston Villa,2021-02-03,22,Em casa,D,1.0,3.0,West Ham,58.0,4.0,7,80.9,9,22.2,9.0,1,0,15,9,66.7,0,
8,Aston Villa,2021-01-30,21,Visitante,V,1.0,0.0,Southampton,40.0,1.0,1,73.4,8,50.0,8.0,0,0,12,4,100.0,1,
9,Aston Villa,2021-01-27,20,Visitante,D,2.0,3.0,Burnley,62.0,5.0,4,76.1,18,55.6,9.0,0,0,8,5,40.0,0,
10,Aston Villa,2021-01-23,11,Em casa,V,2.0,0.0,Newcastle Utd,58.0,2.0,4,87.4,14,35.7,7.0,0,0,9,0,,1,
11,Aston Villa,2021-01-20, 1,Visitante,D,0.0,2.0,Manchester City,32.0,2.0,2,73.1,11,36.4,0.0,2,0,12,8,87.5,0,
12,Aston Villa,2021-01-01,17,Visitante,D,1.0,2.0,Manchester Utd,53.0,3.0,10,78.7,15,33.3,15.0,0,0,13,8,87.5,0,
13,Aston Villa,2020-12-28,16,Visitante,E,1.0,1.0,Chelsea,37.0,2.0,4,69.7,10,20.0,10.0,1,0,5,5,80.0,0,
14,Aston Villa,2020-12-26,15,Em casa,V,3.0,0.0,Crystal Palace,39.0,3.0,4,71.6,21,47.6,7.0,3,1,16,6,100.0,1,
15,Aston Villa,2020-12-20,14,Visitante,V,3.0,0.0,West Brom,66.0,3.0,7,83.9,19,47.4,6.333333333333333,2,0,10,1,100.0,1,
16,Aston Villa,2020-12-17,13,Em casa,E,0.0,0.0,Burnley,59.0,0.0,10,73.1,27,22.2,0.0,1,0,18,4,100.0,1,
17,Aston Villa,2020-12-12,12,Visitante,V,1.0,0.0,Wolves,51.0,1.0,8,71.3,11,9.1,11.0,7,1,17,7,100.0,1,
18,Aston Villa,2020-11-30,10,Visitante,D,1.0,2.0,West Ham,66.0,3.0,7,80.1,15,40.0,15.0,1,0,8,2,0.0,0,
19,Aston Villa,2020-11-21, 9,Em casa,D,1.0,2.0,Brighton,55.0,3.0,12,79.1,15,26.7,15.0,2,0,7,3,33.3,0,
20,Aston Villa,2020-11-08, 8,Visitante,V,3.0,0.0,Arsenal,42.0,3.0,8,77.5,17,29.4,5.666666666666667,0,0,15,2,100.0,1,
21,Aston Villa,2020-11-01, 7,Em casa,D,3.0,4.0,Southampton,57.0,7.0,11,71.1,18,50.0,6.0,1,0,12,4,0.0,0,
22,Aston Villa,2020-10-23, 6,Em casa,D,0.0,3.0,Leeds United,41.0,3.0,6,68.6,12,25.0,0.0,2,0,17,9,66.7,0,
23,Aston Villa,2020-10-18, 5,Visitante,V,1.0,0.0,Leicester City,50.0,1.0,6,73.1,10,40.0,10.0,3,0,19,5,100.0,1,
24,Aston Villa,2020-10-04, 4,Em casa,V,7.0,2.0,Liverpool,31.0,9.0,2,69.2,18,61.1,2.5714285714285716,2,0,9,8,75.0,0,
25,Aston Villa,2020-09-28, 3,Visitante,V,3.0,0.0,Fulham,36.0,3.0,3,69.1,12,41.7,4.0,3,0,18,2,100.0,1,
26,Aston Villa,2020-09-21, 2,Em casa,V,1.0,0.0,Sheffield Utd,72.0,1.0,10,84.1,18,11.1,18.0,3,0,12,0,,1,
0,Arsenal,2021-03-14,28,Em casa,V,2.0,1.0,Tottenham,52.0,3.0,6,82.8,12,16.7,6.0,1,0,16,2,50.0,0,https://d2p3bygnnzw9w3.cloudfront.net/req/202103121/tlogo/fb/18bb7c10.png
1,Arsenal,2021-03-06,27,Visitante,E,1.0,1.0,Burnley,58.0,2.0,3,80.6,15,13.3,15.0,1,0,13,5,80.0,0,
2,Arsenal,2021-02-28,26,Visitante,V,3.0,1.0,Leicester City,57.0,4.0,7,83.9,11,27.3,3.6666666666666665,1,0,3,3,66.7,0,
3,Arsenal,2021-02-21,25,Em casa,D,0.0,1.0,Manchester City,44.0,1.0,1,84.9,6,16.7,0.0,2,0,18,3,66.7,0,
4,Arsenal,2021-02-14,24,Em casa,V,4.0,2.0,Leeds United,47.0,6.0,4,77.3,12,33.3,3.0,0,0,9,5,60.0,0,
5,Arsenal,2021-02-06,23,Visitante,D,0.0,1.0,Aston Villa,65.0,1.0,7,85.1,15,26.7,0.0,2,0,15,8,87.5,0,
6,Arsenal,2021-02-02,22,Visitante,D,1.0,2.0,Wolves,45.0,3.0,6,88.1,9,33.3,9.0,2,2,7,6,83.3,0,
7,Arsenal,2021-01-30,21,Em casa,E,0.0,0.0,Manchester Utd,43.0,0.0,4,81.8,17,17.6,0.0,1,0,13,3,100.0,1,
8,Arsenal,2021-01-26,20,Visitante,V,3.0,1.0,Southampton,43.0,4.0,5,74.9,9,44.4,3.0,2,0,7,5,80.0,0,
9,Arsenal,2021-01-18,19,Em casa,V,3.0,0.0,Newcastle Utd,66.0,3.0,7,88.1,20,30.0,6.666666666666667,0,0,11,1,100.0,1,
10,Arsenal,2021-01-14,18,Em casa,E,0.0,0.0,Crystal Palace,67.0,0.0,7,85.8,12,33.3,0.0,1,0,11,3,100.0,1,
11,Arsenal,2021-01-02,17,Visitante,V,4.0,0.0,West Brom,61.0,4.0,5,83.1,21,52.4,5.25,2,0,5,3,100.0,1,
12,Arsenal,2020-12-29,16,Visitante,V,1.0,0.0,Brighton,50.0,1.0,4,84.7,11,27.3,11.0,0,0,6,2,100.0,1,
13,Arsenal,2020-12-26,15,Em casa,V,3.0,1.0,Chelsea,41.0,4.0,7,70.0,14,42.9,4.666666666666667,2,0,16,2,50.0,0,
14,Arsenal,2020-12-19,14,Visitante,D,1.0,2.0,Everton,57.0,3.0,3,87.1,13,15.4,13.0,3,0,11,2,0.0,0,
15,Arsenal,2020-12-16,13,Em casa,E,1.0,1.0,Southampton,36.0,2.0,2,75.4,9,44.4,9.0,3,1,14,3,66.7,0,
16,Arsenal,2020-12-13,12,Em casa,D,0.0,1.0,Burnley,65.0,1.0,13,78.7,18,33.3,0.0,2,1,7,2,50.0,0,
17,Arsenal,2020-12-06,11,Visitante,D,0.0,2.0,Tottenham,68.0,2.0,9,82.5,12,16.7,0.0,2,0,14,3,33.3,0,
18,Arsenal,2020-11-29,10,Em casa,D,1.0,2.0,Wolves,56.0,3.0,8,81.4,13,15.4,13.0,3,0,16,5,60.0,0,
19,Arsenal,2020-11-22, 9,Visitante,E,0.0,0.0,Leeds United,35.0,0.0,3,69.0,9,22.2,0.0,0,1,10,4,100.0,1,
20,Arsenal,2020-11-08, 8,Em casa,D,0.0,3.0,Aston Villa,58.0,3.0,2,83.6,13,15.4,0.0,0,0,14,5,40.0,0,
21,Arsenal,2020-11-01, 7,Visitante,V,1.0,0.0,Manchester Utd,47.0,1.0,3,84.5,6,16.7,6.0,3,0,15,2,100.0,1,
22,Arsenal,2020-10-25, 6,Em casa,D,0.0,1.0,Leicester City,57.0,1.0,9,85.1,12,33.3,0.0,3,0,14,3,66.7,0,
23,Arsenal,2020-10-17, 5,Visitante,D,0.0,1.0,Manchester City,41.0,1.0,6,84.6,11,27.3,0.0,1,0,14,5,80.0,0,
24,Arsenal,2020-10-04, 4,Em casa,V,2.0,1.0,Sheffield Utd,63.0,3.0,2,86.4,6,83.3,3.0,0,0,3,2,50.0,0,
25,Arsenal,2020-09-28, 3,Visitante,D,1.0,3.0,Liverpool,33.0,4.0,3,74.9,4,75.0,4.0,2,0,11,9,66.7,0,
26,Arsenal,2020-09-19, 2,Em casa,V,2.0,1.0,West Ham,62.0,3.0,7,85.4,6,50.0,3.0,0,0,12,3,66.7,0,
27,Arsenal,2020-09-12, 1,Visitante,V,3.0,0.0,Fulham,55.0,3.0,3,88.7,13,38.5,4.333333333333333,2,0,13,2,100.0,1,
0,Leeds United,2021-03-13,28,Em casa,E,0.0,0.0,Chelsea,38.0,0.0,8,72.9,7,57.1,0.0,3,0,17,8,100.0,1,https://d2p3bygnnzw9w3.cloudfront.net/req/202103121/tlogo/fb/5bfb9659.png
1,Leeds United,2021-03-08,27,Visitante,D,0.0,2.0,West Ham,65.0,2.0,6,84.4,17,11.8,0.0,1,0,14,4,50.0,0,
2,Leeds United,2021-02-27,26,Em casa,D,0.0,1.0,Aston Villa,68.0,1.0,7,79.8,14,21.4,0.0,3,0,17,4,75.0,0,
3,Leeds United,2021-02-23,18,Em casa,V,3.0,0.0,Southampton,46.0,3.0,2,69.8,11,63.6,3.6666666666666665,1,0,16,5,100.0,1,
4,Leeds United,2021-02-19,25,Visitante,D,0.0,1.0,Wolves,59.0,1.0,9,81.2,18,44.4,0.0,0,0,9,5,80.0,0,
5,Leeds United,2021-02-14,24,Visitante,D,2.0,4.0,Arsenal,53.0,6.0,5,78.8,9,55.6,4.5,2,0,20,4,25.0,0,
6,Leeds United,2021-02-08,23,Em casa,V,2.0,0.0,Crystal Palace,68.0,2.0,5,88.8,17,41.2,8.5,0,0,7,3,100.0,1,
7,Leeds United,2021-02-03,22,Em casa,D,1.0,2.0,Everton,62.0,3.0,7,82.9,16,43.8,16.0,2,0,12,6,66.7,0,
8,Leeds United,2021-01-31,21,Visitante,V,3.0,1.0,Leicester City,50.0,4.0,4,74.1,8,75.0,2.6666666666666665,3,0,17,8,87.5,0,
9,Leeds United,2021-01-26,20,Visitante,V,2.0,1.0,Newcastle Utd,57.0,3.0,4,75.2,9,22.2,4.5,3,0,17,5,80.0,0,
10,Leeds United,2021-01-16,19,Em casa,D,0.0,1.0,Brighton,65.0,1.0,5,80.4,7,28.6,0.0,1,0,9,2,50.0,0,
11,Leeds United,2021-01-02,17,Visitante,D,0.0,3.0,Tottenham,62.0,3.0,5,81.9,18,27.8,0.0,1,0,16,6,66.7,0,
12,Leeds United,2020-12-29,16,Visitante,V,5.0,0.0,West Brom,74.0,5.0,10,87.8,14,42.9,2.8,1,0,10,1,100.0,1,
13,Leeds United,2020-12-27,15,Em casa,V,1.0,0.0,Burnley,53.0,1.0,4,72.7,10,30.0,10.0,0,0,12,6,100.0,1,
14,Leeds United,2020-12-20,14,Visitante,D,2.0,6.0,Manchester Utd,59.0,8.0,13,80.5,18,27.8,9.0,0,0,10,14,64.3,0,
15,Leeds United,2020-12-16,13,Em casa,V,5.0,2.0,Newcastle Utd,68.0,7.0,7,79.8,25,36.0,5.0,3,0,12,4,50.0,0,
16,Leeds United,2020-12-11,12,Em casa,D,1.0,2.0,West Ham,64.0,3.0,5,82.9,12,50.0,12.0,1,0,18,7,71.4,0,
17,Leeds United,2020-12-05,11,Visitante,D,1.0,3.0,Chelsea,54.0,4.0,4,80.1,9,33.3,9.0,2,0,10,10,70.0,0,
18,Leeds United,2020-11-28,10,Visitante,V,1.0,0.0,Everton,58.0,1.0,2,82.8,22,27.3,22.0,2,0,19,9,100.0,1,
19,Leeds United,2020-11-22, 9,Em casa,E,0.0,0.0,Arsenal,65.0,0.0,5,83.3,25,16.0,0.0,3,0,14,2,100.0,1,
20,Leeds United,2020-11-07, 8,Visitante,D,1.0,4.0,Crystal Palace,64.0,5.0,6,80.8,9,33.3,9.0,2,0,19,6,33.3,0,
21,Leeds United,2020-11-02, 7,Em casa,D,1.0,4.0,Leicester City,67.0,5.0,10,84.0,11,45.5,11.0,1,0,10,7,57.1,0,
22,Leeds United,2020-10-23, 6,Visitante,V,3.0,0.0,Aston Villa,59.0,3.0,4,78.6,28,32.1,9.333333333333334,2,0,23,3,100.0,1,
23,Leeds United,2020-10-19, 5,Em casa,D,0.0,1.0,Wolves,66.0,1.0,8,80.9,13,15.4,0.0,2,0,15,3,66.7,0,
24,Leeds United,2020-10-03, 4,Em casa,E,1.0,1.0,Manchester City,52.0,2.0,7,80.6,12,58.3,12.0,2,0,16,1,0.0,0,
25,Leeds United,2020-09-27, 3,Visitante,V,1.0,0.0,Sheffield Utd,63.0,1.0,7,81.4,18,50.0,18.0,1,0,7,3,100.0,1,
26,Leeds United,2020-09-19, 2,Em casa,V,4.0,3.0,Fulham,51.0,7.0,5,73.0,9,66.7,2.25,1,0,15,5,60.0,0,
27,Leeds United,2020-09-12, 1,Visitante,D,3.0,4.0,Liverpool,50.0,7.0,0,75.7,6,50.0,2.0,0,0,8,4,50.0,0,
0,Wolves,2021-03-06,27,Visitante,E,0.0,0.0,Aston Villa,50.0,0.0,3,79.6,11,18.2,0.0,0,0,15,1,100.0,1,https://d2p3bygnnzw9w3.cloudfront.net/req/202103121/tlogo/fb/8cec06e1.png
1,Wolves,2021-03-02,29,Visitante,D,1.0,4.0,Manchester City,27.0,5.0,2,79.6,6,16.7,6.0,1,0,6,10,60.0,0,
2,Wolves,2021-02-27,26,Visitante,E,1.0,1.0,Newcastle Utd,53.0,2.0,5,79.6,14,28.6,14.0,0,0,13,6,83.3,0,
3,Wolves,2021-02-19,25,Em casa,V,1.0,0.0,Leeds United,41.0,1.0,7,75.4,16,31.3,16.0,1,0,15,8,100.0,1,
4,Wolves,2021-02-14,24,Visitante,V,2.0,1.0,Southampton,49.0,3.0,6,73.7,9,22.2,4.5,2,0,10,3,66.7,0,
5,Wolves,2021-02-07,23,Em casa,E,0.0,0.0,Leicester City,44.0,0.0,8,81.4,13,7.7,0.0,1,0,13,3,100.0,1,
6,Wolves,2021-02-02,22,Em casa,V,2.0,1.0,Arsenal,55.0,3.0,9,88.2,11,54.5,5.5,3,0,12,3,66.7,0,
7,Wolves,2021-01-30,21,Visitante,D,0.0,1.0,Crystal Palace,51.0,1.0,6,85.7,6,66.7,0.0,2,0,14,2,50.0,0,
8,Wolves,2021-01-27,20,Visitante,E,0.0,0.0,Chelsea,21.0,0.0,1,71.4,4,0.0,0.0,1,0,11,5,100.0,1,
9,Wolves,2021-01-16,19,Em casa,D,2.0,3.0,West Brom,67.0,5.0,11,82.3,24,29.2,12.0,2,0,10,3,66.7,0,
10,Wolves,2021-01-12,18,Em casa,D,1.0,2.0,Everton,53.0,3.0,6,88.2,12,25.0,12.0,2,0,8,3,33.3,0,
11,Wolves,2021-01-02,17,Visitante,E,3.0,3.0,Brighton,45.0,6.0,7,84.2,11,27.3,3.6666666666666665,1,0,12,3,33.3,0,
12,Wolves,2020-12-29,16,Visitante,D,0.0,1.0,Manchester Utd,42.0,1.0,2,81.0,9,55.6,0.0,1,0,14,3,66.7,0,
13,Wolves,2020-12-27,15,Em casa,E,1.0,1.0,Tottenham,55.0,2.0,9,81.6,11,54.5,11.0,4,0,24,3,66.7,0,
14,Wolves,2020-12-21,14,Visitante,D,1.0,2.0,Burnley,64.0,3.0,7,81.8,14,14.3,14.0,1,0,16,4,50.0,0,
15,Wolves,2020-12-15,13,Em casa,V,2.0,1.0,Chelsea,46.0,3.0,5,78.3,12,33.3,6.0,2,0,16,3,66.7,0,
16,Wolves,2020-12-12,12,Em casa,D,0.0,1.0,Aston Villa,49.0,1.0,5,74.9,16,43.8,0.0,4,1,22,1,100.0,0,
17,Wolves,2020-12-06,11,Visitante,D,0.0,4.0,Liverpool,40.0,4.0,6,79.7,9,33.3,0.0,1,0,16,6,33.3,0,
18,Wolves,2020-11-29,10,Visitante,V,2.0,1.0,Arsenal,44.0,3.0,4,79.1,11,45.5,5.5,4,0,14,2,50.0,0,
19,Wolves,2020-11-23, 9,Em casa,E,1.0,1.0,Southampton,46.0,2.0,7,78.6,20,45.0,20.0,2,0,17,2,50.0,0,
20,Wolves,2020-11-08, 8,Visitante,D,0.0,1.0,Leicester City,50.0,1.0,3,80.4,7,28.6,0.0,3,0,10,1,100.0,0,
21,Wolves,2020-10-30, 7,Em casa,V,2.0,0.0,Crystal Palace,47.0,2.0,7,83.0,15,33.3,7.5,0,0,14,2,100.0,1,
22,Wolves,2020-10-25, 6,Em casa,E,1.0,1.0,Newcastle Utd,63.0,2.0,2,89.7,16,25.0,16.0,0,0,11,2,50.0,0,
23,Wolves,2020-10-19, 5,Visitante,V,1.0,0.0,Leeds United,34.0,1.0,3,66.9,7,42.9,7.0,1,0,13,2,100.0,1,
24,Wolves,2020-10-04, 4,Em casa,V,1.0,0.0,Fulham,48.0,1.0,6,83.4,14,35.7,14.0,1,0,16,2,100.0,1,
25,Wolves,2020-09-27, 3,Visitante,D,0.0,4.0,West Ham,62.0,4.0,3,85.6,11,18.2,0.0,1,0,12,7,42.9,0,
26,Wolves,2020-09-21, 2,Em casa,D,1.0,3.0,Manchester City,35.0,4.0,4,76.8,10,10.0,10.0,0,0,10,8,75.0,0,
27,Wolves,2020-09-14, 1,Visitante,V,2.0,0.0,Sheffield Utd,44.0,2.0,5,78.4,11,36.4,5.5,1,0,10,1,100.0,1,
0,Crystal Palace,2021-03-13,28,Em casa,V,1.0,0.0,West Brom,43.0,1.0,3,69.2,4,75.0,4.0,3,0,18,1,100.0,1,https://d2p3bygnnzw9w3.cloudfront.net/req/202103121/tlogo/fb/47c64c55.png
1,Crystal Palace,2021-03-07,27,Visitante,D,1.0,4.0,Tottenham,38.0,5.0,5,73.6,5,20.0,5.0,3,0,19,5,20.0,0,
2,Crystal Palace,2021-03-03,29,Em casa,E,0.0,0.0,Manchester Utd,39.0,0.0,4,75.4,8,25.0,0.0,1,0,6,1,100.0,1,
3,Crystal Palace,2021-02-28,26,Em casa,E,0.0,0.0,Fulham,41.0,0.0,1,76.9,3,0.0,0.0,1,0,13,5,100.0,1,
4,Crystal Palace,2021-02-22,25,Visitante,V,2.0,1.0,Brighton,25.0,3.0,0,69.4,3,66.7,1.5,0,0,7,5,80.0,0,
5,Crystal Palace,2021-02-13,24,Em casa,D,0.0,3.0,Burnley,53.0,3.0,7,74.7,13,23.1,0.0,0,0,20,4,25.0,0,
6,Crystal Palace,2021-02-08,23,Visitante,D,0.0,2.0,Leeds United,32.0,2.0,3,76.2,8,37.5,0.0,2,0,9,7,71.4,0,
7,Crystal Palace,2021-02-02,22,Visitante,V,2.0,1.0,Newcastle Utd,39.0,3.0,1,78.2,6,50.0,3.0,3,0,11,5,80.0,0,
8,Crystal Palace,2021-01-30,21,Em casa,V,1.0,0.0,Wolves,49.0,1.0,1,87.1,11,18.2,11.0,1,0,10,4,100.0,1,
9,Crystal Palace,2021-01-26,20,Em casa,D,2.0,3.0,West Ham,53.0,5.0,3,80.4,6,50.0,3.0,0,0,13,7,57.1,0,
10,Crystal Palace,2021-01-17,19,Visitante,D,0.0,4.0,Manchester City,28.0,4.0,1,71.8,2,0.0,0.0,0,0,9,6,33.3,0,
11,Crystal Palace,2021-01-14,18,Visitante,E,0.0,0.0,Arsenal,33.0,0.0,3,77.1,13,23.1,0.0,1,0,12,4,100.0,1,
12,Crystal Palace,2021-01-02,17,Em casa,V,2.0,0.0,Sheffield Utd,45.0,2.0,3,73.3,9,44.4,4.5,1,0,10,2,100.0,1,
13,Crystal Palace,2020-12-28,16,Em casa,E,1.0,1.0,Leicester City,34.0,2.0,2,61.3,4,25.0,4.0,0,0,16,2,50.0,0,
14,Crystal Palace,2020-12-26,15,Visitante,D,0.0,3.0,Aston Villa,61.0,3.0,4,78.3,13,46.2,0.0,4,0,18,10,70.0,0,
15,Crystal Palace,2020-12-19,14,Em casa,D,0.0,7.0,Liverpool,36.0,7.0,5,73.0,5,60.0,0.0,1,0,7,7,0.0,0,
16,Crystal Palace,2020-12-16,13,Visitante,E,1.0,1.0,West Ham,48.0,2.0,3,76.8,8,37.5,8.0,3,1,14,2,50.0,0,
17,Crystal Palace,2020-12-13,12,Em casa,E,1.0,1.0,Tottenham,44.0,2.0,4,79.2,16,31.3,16.0,1,0,17,6,83.3,0,
18,Crystal Palace,2020-12-06,11,Visitante,V,5.0,1.0,West Brom,50.0,6.0,6,86.2,18,38.9,3.6,2,0,18,4,75.0,0,
19,Crystal Palace,2020-11-27,10,Em casa,D,0.0,2.0,Newcastle Utd,57.0,2.0,7,81.8,12,25.0,0.0,2,0,11,7,71.4,0,
20,Crystal Palace,2020-11-23, 9,Visitante,D,0.0,1.0,Burnley,54.0,1.0,7,74.7,15,33.3,0.0,0,0,10,5,80.0,0,
21,Crystal Palace,2020-11-07, 8,Em casa,V,4.0,1.0,Leeds United,36.0,5.0,3,71.6,10,60.0,2.5,0,0,10,3,66.7,0,
22,Crystal Palace,2020-10-30, 7,Visitante,D,0.0,2.0,Wolves,53.0,2.0,6,88.0,11,18.2,0.0,2,1,5,5,60.0,0,
23,Crystal Palace,2020-10-24, 6,Visitante,V,2.0,1.0,Fulham,36.0,3.0,4,78.4,14,71.4,7.0,1,0,12,3,66.7,0,
24,Crystal Palace,2020-10-03, 4,Visitante,D,0.0,4.0,Chelsea,31.0,4.0,5,72.0,4,0.0,0.0,0,0,15,4,50.0,0,
25,Crystal Palace,2020-09-26, 3,Em casa,D,1.0,2.0,Everton,42.0,3.0,7,75.9,8,12.5,8.0,3,0,18,4,75.0,0,
26,Crystal Palace,2020-09-19, 2,Visitante,V,3.0,1.0,Manchester Utd,25.0,4.0,3,63.3,13,30.8,4.333333333333333,1,0,10,4,75.0,0,
27,Crystal Palace,2020-09-12, 1,Em casa,V,1.0,0.0,Southampton,31.0,1.0,7,55.0,6,50.0,6.0,2,0,16,5,100.0,1,
0,Southampton,2021-03-14,28,Em casa,D,1.0,2.0,Brighton,59.0,3.0,4,79.2,9,44.4,9.0,0,0,11,6,66.7,0,https://d2p3bygnnzw9w3.cloudfront.net/req/202103121/tlogo/fb/33c895d4.png
1,Southampton,2021-03-10,33,Visitante,D,2.0,5.0,Manchester City,42.0,7.0,5,82.8,10,50.0,5.0,0,0,6,10,50.0,0,
2,Southampton,2021-03-06,27,Visitante,V,2.0,0.0,Sheffield Utd,49.0,2.0,3,76.9,14,42.9,7.0,3,0,15,2,100.0,1,
3,Southampton,2021-03-01,26,Visitante,D,0.0,1.0,Everton,53.0,1.0,10,77.0,9,11.1,0.0,2,0,10,1,0.0,0,
4,Southampton,2021-02-23,18,Visitante,D,0.0,3.0,Leeds United,54.0,3.0,4,74.0,13,38.5,0.0,2,0,15,7,57.1,0,
5,Southampton,2021-02-20,25,Em casa,E,1.0,1.0,Chelsea,30.0,2.0,3,65.9,4,25.0,4.0,1,0,18,2,100.0,0,
6,Southampton,2021-02-14,24,Em casa,D,1.0,2.0,Wolves,51.0,3.0,4,78.4,7,42.9,7.0,2,0,10,2,50.0,0,
7,Southampton,2021-02-06,23,Visitante,D,2.0,3.0,Newcastle Utd,73.0,5.0,7,81.0,14,35.7,7.0,1,0,15,4,25.0,0,
8,Southampton,2021-02-02,22,Visitante,D,0.0,9.0,Manchester Utd,26.0,9.0,3,62.2,3,33.3,0.0,3,2,6,13,38.5,0,
9,Southampton,2021-01-30,21,Em casa,D,0.0,1.0,Aston Villa,60.0,1.0,7,78.7,20,20.0,0.0,1,0,13,4,75.0,0,
10,Southampton,2021-01-26,20,Em casa,D,1.0,3.0,Arsenal,57.0,4.0,4,83.9,13,38.5,13.0,1,0,14,4,25.0,0,
11,Southampton,2021-01-16,19,Visitante,D,0.0,2.0,Leicester City,53.0,2.0,5,75.8,9,33.3,0.0,2,0,16,4,50.0,0,
12,Southampton,2021-01-04,17,Em casa,V,1.0,0.0,Liverpool,33.0,1.0,1,65.1,7,28.6,7.0,1,0,8,1,100.0,1,
13,Southampton,2020-12-29,16,Em casa,E,0.0,0.0,West Ham,63.0,0.0,4,83.3,8,37.5,0.0,3,0,18,3,100.0,1,
14,Southampton,2020-12-26,15,Visitante,E,0.0,0.0,Fulham,53.0,0.0,3,72.0,3,66.7,0.0,0,0,12,1,100.0,1,
15,Southampton,2020-12-19,14,Em casa,D,0.0,1.0,Manchester City,48.0,1.0,6,80.7,9,33.3,0.0,2,0,12,5,80.0,0,
16,Southampton,2020-12-16,13,Visitante,E,1.0,1.0,Arsenal,64.0,2.0,7,83.3,13,23.1,13.0,3,0,14,4,75.0,0,
17,Southampton,2020-12-13,12,Em casa,V,3.0,0.0,Sheffield Utd,67.0,3.0,8,85.0,16,37.5,5.333333333333333,0,0,9,0,,1,
18,Southampton,2020-12-07,11,Visitante,V,2.0,1.0,Brighton,52.0,3.0,3,74.5,9,22.2,4.5,3,0,13,3,100.0,0,
19,Southampton,2020-11-29,10,Em casa,D,2.0,3.0,Manchester Utd,50.0,5.0,5,79.4,10,50.0,5.0,1,0,13,6,50.0,0,
20,Southampton,2020-11-23, 9,Visitante,E,1.0,1.0,Wolves,54.0,2.0,4,81.2,7,28.6,7.0,0,0,17,9,88.9,0,
21,Southampton,2020-11-06, 8,Em casa,V,2.0,0.0,Newcastle Utd,61.0,2.0,7,82.1,15,46.7,7.5,1,0,12,2,100.0,1,
22,Southampton,2020-11-01, 7,Visitante,V,4.0,3.0,Aston Villa,43.0,7.0,1,70.2,9,44.4,2.25,2,0,18,9,77.8,0,
23,Southampton,2020-10-25, 6,Em casa,V,2.0,0.0,Everton,54.0,2.0,4,87.8,12,50.0,6.0,1,0,14,2,100.0,1,
24,Southampton,2020-10-17, 5,Visitante,E,3.0,3.0,Chelsea,47.0,6.0,2,75.5,13,46.2,4.333333333333333,1,0,11,5,40.0,0,
25,Southampton,2020-10-04, 4,Em casa,V,2.0,0.0,West Brom,62.0,2.0,5,77.9,13,53.8,6.5,2,0,20,3,100.0,1,
26,Southampton,2020-09-26, 3,Visitante,V,1.0,0.0,Burnley,46.0,1.0,2,73.3,5,20.0,5.0,0,0,11,2,100.0,1,
27,Southampton,2020-09-20, 2,Em casa,D,2.0,5.0,Tottenham,51.0,7.0,3,76.5,13,38.5,6.5,4,0,24,6,16.7,0,
28,Southampton,2020-09-12, 1,Visitante,D,0.0,1.0,Crystal Palace,69.0,1.0,3,77.3,9,55.6,0.0,1,0,11,3,66.7,0,
0,Burnley,2021-03-13,28,Visitante,V,2.0,1.0,Everton,35.0,3.0,4,67.9,14,35.7,7.0,4,0,12,4,75.0,0,https://d2p3bygnnzw9w3.cloudfront.net/req/202103121/tlogo/fb/943e8050.png
1,Burnley,2021-03-06,27,Em casa,E,1.0,1.0,Arsenal,42.0,2.0,2,71.7,9,55.6,9.0,1,0,6,2,50.0,0,
2,Burnley,2021-03-03,29,Em casa,E,1.0,1.0,Leicester City,39.0,2.0,5,71.9,12,58.3,12.0,0,0,6,4,75.0,0,
3,Burnley,2021-02-28,26,Visitante,D,0.0,4.0,Tottenham,41.0,4.0,4,78.2,10,30.0,0.0,0,0,15,7,42.9,0,
4,Burnley,2021-02-20,25,Em casa,E,0.0,0.0,West Brom,62.0,0.0,5,73.0,6,16.7,0.0,3,0,19,3,100.0,1,
5,Burnley,2021-02-17,17,Em casa,E,1.0,1.0,Fulham,49.0,2.0,5,66.5,8,37.5,8.0,1,0,8,3,66.7,0,
6,Burnley,2021-02-13,24,Visitante,V,3.0,0.0,Crystal Palace,47.0,3.0,4,72.4,16,25.0,5.333333333333333,0,0,18,3,100.0,1,
7,Burnley,2021-02-06,23,Em casa,E,1.0,1.0,Brighton,54.0,2.0,8,79.1,20,35.0,20.0,2,0,8,2,50.0,0,
8,Burnley,2021-02-03,22,Em casa,D,0.0,2.0,Manchester City,26.0,2.0,1,71.7,2,0.0,0.0,2,0,12,6,66.7,0,
9,Burnley,2021-01-31,21,Visitante,D,0.0,2.0,Chelsea,29.0,2.0,2,66.8,1,0.0,0.0,1,0,10,8,75.0,0,
10,Burnley,2021-01-27,20,Em casa,V,3.0,2.0,Aston Villa,38.0,5.0,2,59.4,10,50.0,3.3333333333333335,1,0,18,10,80.0,0,
11,Burnley,2021-01-21,18,Visitante,V,1.0,0.0,Liverpool,28.0,1.0,0,65.1,5,60.0,5.0,1,0,10,6,100.0,1,
12,Burnley,2021-01-16,19,Visitante,D,0.0,1.0,West Ham,54.0,1.0,4,73.0,10,20.0,0.0,1,0,11,3,66.7,0,
13,Burnley,2021-01-12, 1,Em casa,D,0.0,1.0,Manchester Utd,38.0,1.0,3,68.6,11,0.0,0.0,1,0,20,7,85.7,0,
14,Burnley,2020-12-29,16,Em casa,V,1.0,0.0,Sheffield Utd,36.0,1.0,3,69.0,5,60.0,5.0,1,0,15,2,100.0,1,
15,Burnley,2020-12-27,15,Visitante,D,0.0,1.0,Leeds United,47.0,1.0,12,67.7,14,42.9,0.0,3,0,15,3,100.0,0,
16,Burnley,2020-12-21,14,Em casa,V,2.0,1.0,Wolves,36.0,3.0,1,67.8,10,40.0,5.0,2,0,15,2,100.0,0,
17,Burnley,2020-12-17,13,Visitante,E,0.0,0.0,Aston Villa,41.0,0.0,1,59.3,6,66.7,0.0,1,0,26,6,100.0,1,
18,Burnley,2020-12-13,12,Visitante,V,1.0,0.0,Arsenal,35.0,1.0,4,70.3,10,20.0,10.0,1,0,12,6,100.0,1,
19,Burnley,2020-12-05,11,Em casa,E,1.0,1.0,Everton,41.0,2.0,8,76.5,8,37.5,8.0,0,0,12,6,83.3,0,
20,Burnley,2020-11-28,10,Visitante,D,0.0,5.0,Manchester City,32.0,5.0,4,71.1,9,11.1,0.0,0,0,5,7,28.6,0,
21,Burnley,2020-11-23, 9,Em casa,V,1.0,0.0,Crystal Palace,46.0,1.0,4,73.7,10,50.0,10.0,2,0,15,5,100.0,1,
22,Burnley,2020-11-06, 8,Visitante,E,0.0,0.0,Brighton,39.0,0.0,3,76.6,4,25.0,0.0,0,0,5,3,100.0,1,
23,Burnley,2020-10-31, 7,Em casa,D,0.0,3.0,Chelsea,36.0,3.0,3,74.8,5,0.0,0.0,1,0,10,9,66.7,0,
24,Burnley,2020-10-26, 6,Em casa,D,0.0,1.0,Tottenham,39.0,1.0,4,70.9,12,25.0,0.0,2,0,12,3,66.7,0,
25,Burnley,2020-10-19, 5,Visitante,E,0.0,0.0,West Brom,44.0,0.0,2,67.5,9,44.4,0.0,2,0,18,6,100.0,1,
26,Burnley,2020-10-03, 4,Visitante,D,1.0,3.0,Newcastle Utd,52.0,4.0,4,72.1,10,30.0,10.0,3,0,17,4,50.0,0,
27,Burnley,2020-09-26, 3,Em casa,D,0.0,1.0,Southampton,54.0,1.0,8,70.4,10,20.0,0.0,1,0,10,1,0.0,0,
28,Burnley,2020-09-20, 2,Visitante,D,2.0,4.0,Leicester City,34.0,6.0,4,70.6,17,29.4,8.5,2,0,18,6,33.3,0,
0,Brighton,2021-03-14,28,Visitante,V,2.0,1.0,Southampton,41.0,3.0,5,69.0,8,75.0,4.0,0,0,12,4,75.0,0,https://d2p3bygnnzw9w3.cloudfront.net/req/202103121/tlogo/fb/d07537b9.png
1,Brighton,2021-03-06,27,Em casa,D,1.0,2.0,Leicester City,38.0,3.0,6,72.5,8,25.0,8.0,0,0,16,4,50.0,0,
2,Brighton,2021-02-27,26,Visitante,D,0.0,1.0,West Brom,68.0,1.0,4,80.8,13,46.2,0.0,0,0,15,2,50.0,0,
3,Brighton,2021-02-22,25,Em casa,D,1.0,2.0,Crystal Palace,75.0,3.0,13,87.7,24,20.8,24.0,2,0,12,2,0.0,0,
4,Brighton,2021-02-13,24,Em casa,E,0.0,0.0,Aston Villa,58.0,0.0,9,81.2,26,34.6,0.0,2,0,16,1,100.0,1,
5,Brighton,2021-02-06,23,Visitante,E,1.0,1.0,Burnley,46.0,2.0,7,74.1,10,20.0,10.0,0,0,11,7,85.7,0,
6,Brighton,2021-02-03,22,Visitante,V,1.0,0.0,Liverpool,37.0,1.0,3,74.5,13,30.8,13.0,0,0,7,0,,1,
7,Brighton,2021-01-31,21,Em casa,V,1.0,0.0,Tottenham,43.0,1.0,9,79.6,16,12.5,16.0,2,0,13,4,100.0,1,
8,Brighton,2021-01-27,20,Em casa,E,0.0,0.0,Fulham,50.0,0.0,10,70.2,16,31.3,0.0,2,0,11,2,100.0,1,
9,Brighton,2021-01-16,19,Visitante,V,1.0,0.0,Leeds United,35.0,1.0,2,66.9,7,28.6,7.0,1,0,11,2,100.0,1,
10,Brighton,2021-01-13,18,Visitante,D,0.0,1.0,Manchester City,35.0,1.0,4,77.9,5,20.0,0.0,2,0,14,6,83.3,0,
11,Brighton,2021-01-02,17,Em casa,E,3.0,3.0,Wolves,55.0,6.0,5,85.0,12,25.0,4.0,2,0,18,3,33.3,0,
12,Brighton,2020-12-29,16,Em casa,D,0.0,1.0,Arsenal,50.0,1.0,5,81.3,13,15.4,0.0,2,0,12,3,66.7,0,
13,Brighton,2020-12-27,15,Visitante,E,2.0,2.0,West Ham,57.0,4.0,4,81.2,13,30.8,6.5,0,0,11,4,50.0,0,
14,Brighton,2020-12-20,14,Em casa,E,1.0,1.0,Sheffield Utd,72.0,2.0,14,82.8,21,19.0,21.0,1,0,9,3,66.7,0,
15,Brighton,2020-12-16,13,Visitante,E,0.0,0.0,Fulham,54.0,0.0,8,71.4,9,33.3,0.0,0,0,12,4,100.0,1,
16,Brighton,2020-12-13,12,Visitante,D,0.0,3.0,Leicester City,45.0,3.0,5,80.1,12,33.3,0.0,1,0,14,6,50.0,0,
17,Brighton,2020-12-07,11,Em casa,D,1.0,2.0,Southampton,48.0,3.0,4,71.3,11,27.3,11.0,3,0,14,2,50.0,0,
18,Brighton,2020-11-28,10,Em casa,E,1.0,1.0,Liverpool,40.0,2.0,4,75.3,9,22.2,9.0,2,0,9,2,50.0,0,
19,Brighton,2020-11-21, 9,Visitante,V,2.0,1.0,Aston Villa,45.0,3.0,3,78.6,7,42.9,3.5,3,1,19,4,75.0,0,
20,Brighton,2020-11-06, 8,Em casa,E,0.0,0.0,Burnley,61.0,0.0,5,80.0,19,15.8,0.0,1,0,11,1,100.0,1,
21,Brighton,2020-11-01, 7,Visitante,D,1.0,2.0,Tottenham,56.0,3.0,5,79.0,6,33.3,6.0,1,0,13,2,50.0,0,
22,Brighton,2020-10-26, 6,Em casa,E,1.0,1.0,West Brom,49.0,2.0,6,80.6,5,60.0,5.0,2,0,19,3,66.7,0,
23,Brighton,2020-10-18, 5,Visitante,E,1.0,1.0,Crystal Palace,66.0,2.0,5,82.3,17,17.6,17.0,2,1,13,0,,0,
24,Brighton,2020-10-03, 4,Visitante,D,2.0,4.0,Everton,56.0,6.0,10,84.2,11,27.3,5.5,1,0,16,6,33.3,0,
25,Brighton,2020-09-26, 3,Em casa,D,2.0,3.0,Manchester Utd,54.0,5.0,7,82.6,17,17.6,8.5,4,0,19,2,0.0,0,
26,Brighton,2020-09-20, 2,Visitante,V,3.0,0.0,Newcastle Utd,54.0,3.0,1,79.8,12,41.7,4.0,0,1,15,0,,1,
27,Brighton,2020-09-14, 1,Em casa,D,1.0,3.0,Chelsea,53.0,4.0,4,81.0,13,23.1,13.0,1,0,10,4,50.0,0,
0,Newcastle Utd,2021-03-12,28,Em casa,E,1.0,1.0,Aston Villa,48.0,2.0,2,71.6,12,25.0,12.0,2,0,15,5,80.0,0,https://d2p3bygnnzw9w3.cloudfront.net/req/202103121/tlogo/fb/b2b47a98.png
1,Newcastle Utd,2021-03-07,27,Visitante,E,0.0,0.0,West Brom,46.0,0.0,7,67.1,9,55.6,0.0,0,0,13,2,100.0,1,
2,Newcastle Utd,2021-02-27,26,Em casa,E,1.0,1.0,Wolves,47.0,2.0,3,80.8,19,31.6,19.0,2,0,13,4,75.0,0,
3,Newcastle Utd,2021-02-21,25,Visitante,D,1.0,3.0,Manchester Utd,29.0,4.0,4,68.2,10,60.0,10.0,2,0,12,6,66.7,0,
4,Newcastle Utd,2021-02-15,24,Visitante,D,0.0,2.0,Chelsea,35.0,2.0,5,74.0,10,40.0,0.0,0,0,15,5,60.0,0,
5,Newcastle Utd,2021-02-06,23,Em casa,V,3.0,2.0,Southampton,27.0,5.0,0,56.1,6,66.7,2.0,4,1,16,5,60.0,0,
6,Newcastle Utd,2021-02-02,22,Em casa,D,1.0,2.0,Crystal Palace,61.0,3.0,9,84.3,21,23.8,21.0,1,0,15,3,33.3,0,
7,Newcastle Utd,2021-01-30,21,Visitante,V,2.0,0.0,Everton,40.0,2.0,12,70.0,13,23.1,6.5,4,0,11,3,100.0,1,
8,Newcastle Utd,2021-01-26,20,Em casa,D,1.0,2.0,Leeds United,43.0,3.0,9,69.5,22,22.7,22.0,1,0,11,2,0.0,0,
9,Newcastle Utd,2021-01-23,11,Visitante,D,0.0,2.0,Aston Villa,42.0,2.0,4,75.9,7,0.0,0.0,3,0,20,5,60.0,0,
10,Newcastle Utd,2021-01-18,19,Visitante,D,0.0,3.0,Arsenal,34.0,3.0,2,75.1,4,25.0,0.0,0,0,10,6,50.0,0,
11,Newcastle Utd,2021-01-12,18,Visitante,D,0.0,1.0,Sheffield Utd,35.0,1.0,2,69.0,7,42.9,0.0,5,1,14,3,100.0,0,
12,Newcastle Utd,2021-01-03,17,Em casa,D,1.0,2.0,Leicester City,45.0,3.0,3,66.8,8,25.0,8.0,0,0,15,3,33.3,0,
13,Newcastle Utd,2020-12-30,16,Em casa,E,0.0,0.0,Liverpool,28.0,0.0,5,63.8,8,25.0,0.0,2,0,10,4,100.0,1,
14,Newcastle Utd,2020-12-26,15,Visitante,D,0.0,2.0,Manchester City,25.0,2.0,3,72.7,8,25.0,0.0,2,0,14,6,66.7,0,
15,Newcastle Utd,2020-12-19,14,Em casa,E,1.0,1.0,Fulham,49.0,2.0,2,80.1,10,40.0,10.0,1,0,9,3,66.7,0,
16,Newcastle Utd,2020-12-16,13,Visitante,D,2.0,5.0,Leeds United,32.0,7.0,4,66.2,9,44.4,4.5,1,0,15,9,44.4,0,
17,Newcastle Utd,2020-12-12,12,Em casa,V,2.0,1.0,West Brom,45.0,3.0,4,80.6,12,50.0,6.0,2,0,12,3,66.7,0,
18,Newcastle Utd,2020-11-27,10,Visitante,V,2.0,0.0,Crystal Palace,43.0,2.0,2,76.4,14,50.0,7.0,2,0,11,3,100.0,1,
19,Newcastle Utd,2020-11-21, 9,Em casa,D,0.0,2.0,Chelsea,29.0,2.0,7,69.8,8,12.5,0.0,2,0,13,3,33.3,0,
20,Newcastle Utd,2020-11-06, 8,Visitante,D,0.0,2.0,Southampton,39.0,2.0,3,73.9,4,50.0,0.0,2,0,11,7,71.4,0,
21,Newcastle Utd,2020-11-01, 7,Em casa,V,2.0,1.0,Everton,38.0,3.0,5,77.2,9,33.3,4.5,2,0,10,4,75.0,0,
22,Newcastle Utd,2020-10-25, 6,Visitante,E,1.0,1.0,Wolves,37.0,2.0,3,80.4,5,40.0,5.0,1,0,10,4,75.0,0,
23,Newcastle Utd,2020-10-17, 5,Em casa,D,1.0,4.0,Manchester Utd,37.0,5.0,0,71.6,7,57.1,7.0,1,0,15,11,63.6,0,
24,Newcastle Utd,2020-10-03, 4,Em casa,V,3.0,1.0,Burnley,48.0,4.0,3,72.5,9,44.4,3.0,2,0,14,3,66.7,0,
25,Newcastle Utd,2020-09-27, 3,Visitante,E,1.0,1.0,Tottenham,34.0,2.0,4,75.1,5,0.0,5.0,4,0,9,11,90.9,0,
26,Newcastle Utd,2020-09-20, 2,Em casa,D,0.0,3.0,Brighton,46.0,3.0,7,73.9,6,0.0,0.0,3,0,18,5,60.0,0,
27,Newcastle Utd,2020-09-12, 1,Visitante,V,2.0,0.0,West Ham,41.0,2.0,7,74.7,16,18.8,8.0,2,0,11,3,100.0,1,
0,Fulham,2021-03-13,28,Em casa,D,0.0,3.0,Manchester City,46.0,3.0,4,79.0,4,0.0,0.0,0,0,20,6,66.7,0,https://d2p3bygnnzw9w3.cloudfront.net/req/202103121/tlogo/fb/fd962109.png
1,Fulham,2021-03-07,27,Visitante,V,1.0,0.0,Liverpool,36.0,1.0,4,76.1,10,30.0,10.0,3,0,9,4,100.0,1,
2,Fulham,2021-03-04,33,Em casa,D,0.0,1.0,Tottenham,59.0,1.0,4,81.3,11,27.3,0.0,2,0,14,2,50.0,0,
3,Fulham,2021-02-28,26,Visitante,E,0.0,0.0,Crystal Palace,59.0,0.0,3,84.0,17,29.4,0.0,1,0,16,0,,1,
4,Fulham,2021-02-20,25,Em casa,V,1.0,0.0,Sheffield Utd,63.0,1.0,6,85.1,16,37.5,16.0,1,0,11,2,100.0,1,
5,Fulham,2021-02-17,17,Visitante,E,1.0,1.0,Burnley,51.0,2.0,5,75.4,8,37.5,8.0,1,0,15,3,66.7,0,
6,Fulham,2021-02-14,24,Visitante,V,2.0,0.0,Everton,50.0,2.0,4,84.5,12,25.0,6.0,1,0,17,2,100.0,1,
7,Fulham,2021-02-06,23,Em casa,E,0.0,0.0,West Ham,60.0,0.0,7,84.5,20,10.0,0.0,1,0,11,1,100.0,1,
8,Fulham,2021-02-03,22,Em casa,D,0.0,2.0,Leicester City,58.0,2.0,5,81.9,8,12.5,0.0,3,0,18,5,60.0,0,
9,Fulham,2021-01-30,21,Visitante,E,2.0,2.0,West Brom,62.0,4.0,3,79.9,12,58.3,6.0,0,0,11,3,33.3,0,
10,Fulham,2021-01-27,20,Visitante,E,0.0,0.0,Brighton,50.0,0.0,0,77.4,10,20.0,0.0,1,0,18,5,100.0,1,
11,Fulham,2021-01-20,18,Em casa,D,1.0,2.0,Manchester Utd,38.0,3.0,2,79.8,12,41.7,12.0,3,0,10,5,60.0,0,
12,Fulham,2021-01-16,19,Em casa,D,0.0,1.0,Chelsea,32.0,1.0,1,73.7,10,20.0,0.0,2,1,12,6,83.3,0,
13,Fulham,2021-01-13,16,Visitante,E,1.0,1.0,Tottenham,48.0,2.0,5,80.0,15,26.7,15.0,2,0,19,6,83.3,0,
14,Fulham,2020-12-26,15,Em casa,E,0.0,0.0,Southampton,47.0,0.0,6,70.1,10,10.0,0.0,2,0,15,2,100.0,1,
15,Fulham,2020-12-19,14,Visitante,E,1.0,1.0,Newcastle Utd,51.0,2.0,9,80.0,13,23.1,13.0,3,1,16,4,100.0,0,
16,Fulham,2020-12-16,13,Em casa,E,0.0,0.0,Brighton,46.0,0.0,1,72.6,9,44.4,0.0,1,0,15,3,100.0,1,
17,Fulham,2020-12-13,12,Em casa,E,1.0,1.0,Liverpool,26.0,2.0,6,68.8,10,50.0,10.0,3,0,12,5,100.0,0,
18,Fulham,2020-12-05,11,Visitante,D,0.0,2.0,Manchester City,31.0,2.0,3,77.9,6,16.7,0.0,0,0,10,5,80.0,0,
19,Fulham,2020-11-30,10,Visitante,V,2.0,1.0,Leicester City,34.0,3.0,5,73.5,9,44.4,4.5,2,0,23,4,75.0,0,
20,Fulham,2020-11-22, 9,Em casa,D,2.0,3.0,Everton,54.0,5.0,2,84.0,13,46.2,6.5,2,0,17,7,57.1,0,
21,Fulham,2020-11-07, 8,Visitante,D,0.0,1.0,West Ham,48.0,1.0,5,81.4,12,16.7,0.0,2,0,10,7,85.7,0,
22,Fulham,2020-11-02, 7,Em casa,V,2.0,0.0,West Brom,47.0,2.0,5,74.4,13,30.8,6.5,3,0,15,1,100.0,1,
23,Fulham,2020-10-24, 6,Em casa,D,1.0,2.0,Crystal Palace,64.0,3.0,4,88.0,16,18.8,16.0,0,1,12,10,80.0,0,
24,Fulham,2020-10-18, 5,Visitante,E,1.0,1.0,Sheffield Utd,58.0,2.0,5,86.0,14,42.9,14.0,2,0,12,5,100.0,0,
25,Fulham,2020-10-04, 4,Visitante,D,0.0,1.0,Wolves,52.0,1.0,2,85.0,10,20.0,0.0,1,0,9,5,80.0,0,
26,Fulham,2020-09-28, 3,Em casa,D,0.0,3.0,Aston Villa,64.0,3.0,5,83.4,16,12.5,0.0,6,0,20,5,40.0,0,
27,Fulham,2020-09-19, 2,Visitante,D,3.0,4.0,Leeds United,49.0,7.0,3,78.2,13,38.5,4.333333333333333,2,0,18,6,50.0,0,
28,Fulham,2020-09-12, 1,Em casa,D,0.0,3.0,Arsenal,45.0,3.0,2,86.0,5,40.0,0.0,2,0,14,5,40.0,0,
0,West Brom,2021-03-13,28,Visitante,D,0.0,1.0,Crystal Palace,57.0,1.0,2,76.5,12,8.3,0.0,1,0,18,3,100.0,0,https://d2p3bygnnzw9w3.cloudfront.net/req/202103121/tlogo/fb/60c6b05f.png
1,West Brom,2021-03-07,27,Em casa,E,0.0,0.0,Newcastle Utd,54.0,0.0,9,74.0,13,15.4,0.0,0,0,16,5,100.0,1,
2,West Brom,2021-03-04,29,Em casa,D,0.0,1.0,Everton,49.0,1.0,3,78.6,11,27.3,0.0,3,0,11,4,75.0,0,
3,West Brom,2021-02-27,26,Em casa,V,1.0,0.0,Brighton,32.0,1.0,7,65.6,6,33.3,6.0,0,0,12,6,100.0,1,
4,West Brom,2021-02-20,25,Visitante,E,0.0,0.0,Burnley,38.0,0.0,5,58.1,10,30.0,0.0,0,1,12,1,100.0,1,
5,West Brom,2021-02-14,24,Em casa,E,1.0,1.0,Manchester Utd,27.0,2.0,4,64.2,7,42.9,7.0,5,0,16,6,83.3,0,
6,West Brom,2021-02-07,23,Visitante,D,0.0,2.0,Tottenham,35.0,2.0,0,72.8,4,25.0,0.0,2,0,15,6,66.7,0,
7,West Brom,2021-02-02,22,Visitante,D,1.0,2.0,Sheffield Utd,32.0,3.0,2,64.9,9,44.4,9.0,1,0,14,6,66.7,0,
8,West Brom,2021-01-30,21,Em casa,E,2.0,2.0,Fulham,38.0,4.0,2,65.1,5,60.0,2.5,1,0,13,7,71.4,0,
9,West Brom,2021-01-26,20,Em casa,D,0.0,5.0,Manchester City,23.0,5.0,3,64.3,4,25.0,0.0,2,0,11,7,28.6,0,
10,West Brom,2021-01-19,18,Visitante,D,1.0,2.0,West Ham,40.0,3.0,1,71.2,6,33.3,6.0,1,0,11,6,66.7,0,
11,West Brom,2021-01-16,19,Visitante,V,3.0,2.0,Wolves,33.0,5.0,0,65.3,10,30.0,3.3333333333333335,1,0,21,7,71.4,0,
12,West Brom,2021-01-02,17,Em casa,D,0.0,4.0,Arsenal,39.0,4.0,3,73.9,7,42.9,0.0,1,0,8,11,63.6,0,
13,West Brom,2020-12-29,16,Em casa,D,0.0,5.0,Leeds United,26.0,5.0,3,61.8,4,25.0,0.0,0,0,11,6,16.7,0,
14,West Brom,2020-12-27,15,Visitante,E,1.0,1.0,Liverpool,23.0,2.0,3,55.5,5,60.0,5.0,1,0,7,2,50.0,0,
15,West Brom,2020-12-20,14,Em casa,D,0.0,3.0,Aston Villa,34.0,3.0,1,65.9,1,100.0,0.0,1,1,15,9,77.8,0,
16,West Brom,2020-12-15,13,Visitante,E,1.0,1.0,Manchester City,23.0,2.0,2,61.8,5,20.0,5.0,3,0,11,7,85.7,0,
17,West Brom,2020-12-12,12,Visitante,D,1.0,2.0,Newcastle Utd,55.0,3.0,3,79.0,13,23.1,13.0,3,0,15,6,66.7,0,
18,West Brom,2020-12-06,11,Em casa,D,1.0,5.0,Crystal Palace,50.0,6.0,4,86.7,9,44.4,9.0,2,1,11,7,28.6,0,
19,West Brom,2020-11-28,10,Em casa,V,1.0,0.0,Sheffield Utd,49.0,1.0,14,75.5,17,35.3,17.0,2,0,11,5,100.0,1,
20,West Brom,2020-11-21, 9,Visitante,D,0.0,1.0,Manchester Utd,38.0,1.0,2,75.2,7,28.6,0.0,1,0,19,6,100.0,0,
21,West Brom,2020-11-08, 8,Em casa,D,0.0,1.0,Tottenham,41.0,1.0,9,65.4,12,16.7,0.0,1,0,19,5,80.0,0,
22,West Brom,2020-11-02, 7,Visitante,D,0.0,2.0,Fulham,53.0,2.0,2,78.2,10,10.0,0.0,2,0,15,4,50.0,0,
23,West Brom,2020-10-26, 6,Visitante,E,1.0,1.0,Brighton,51.0,2.0,2,80.9,9,33.3,9.0,0,0,12,3,66.7,0,
24,West Brom,2020-10-19, 5,Em casa,E,0.0,0.0,Burnley,56.0,0.0,8,77.2,13,46.2,0.0,2,0,21,4,100.0,1,
25,West Brom,2020-10-04, 4,Visitante,D,0.0,2.0,Southampton,38.0,2.0,1,70.0,5,60.0,0.0,1,0,12,7,71.4,0,
26,West Brom,2020-09-26, 3,Em casa,E,3.0,3.0,Chelsea,25.0,6.0,3,65.0,9,33.3,3.0,1,0,9,11,72.7,0,
27,West Brom,2020-09-19, 2,Visitante,D,2.0,5.0,Everton,28.0,7.0,1,77.2,6,66.7,3.0,0,1,12,7,28.6,0,
28,West Brom,2020-09-13, 1,Em casa,D,0.0,3.0,Leicester City,37.0,3.0,2,74.2,7,14.3,0.0,1,0,12,5,80.0,0,
0,Sheffield Utd,2021-03-14,28,Visitante,D,0.0,5.0,Leicester City,28.0,5.0,1,75.0,1,0.0,0.0,2,0,14,9,44.4,0,https://d2p3bygnnzw9w3.cloudfront.net/req/202103121/tlogo/fb/1df6b87e.png
1,Sheffield Utd,2021-03-06,27,Em casa,D,0.0,2.0,Southampton,51.0,2.0,7,73.4,8,25.0,0.0,4,0,22,6,83.3,0,
2,Sheffield Utd,2021-03-03,29,Em casa,V,1.0,0.0,Aston Villa,29.0,1.0,2,67.1,9,22.2,9.0,1,1,18,4,100.0,1,
3,Sheffield Utd,2021-02-28,26,Em casa,D,0.0,2.0,Liverpool,40.0,2.0,4,75.7,9,33.3,0.0,0,0,14,8,75.0,0,
4,Sheffield Utd,2021-02-20,25,Visitante,D,0.0,1.0,Fulham,37.0,1.0,4,66.3,3,66.7,0.0,2,0,16,6,83.3,0,
5,Sheffield Utd,2021-02-15,24,Visitante,D,0.0,3.0,West Ham,55.0,3.0,7,83.4,8,62.5,0.0,2,0,14,8,75.0,0,
6,Sheffield Utd,2021-02-07,23,Em casa,D,1.0,2.0,Chelsea,32.0,3.0,1,71.9,8,37.5,8.0,1,0,13,1,0.0,0,
7,Sheffield Utd,2021-02-02,22,Em casa,V,2.0,1.0,West Brom,68.0,3.0,9,81.4,14,42.9,7.0,2,0,12,4,75.0,0,
8,Sheffield Utd,2021-01-30,21,Visitante,D,0.0,1.0,Manchester City,26.0,1.0,0,76.1,4,25.0,0.0,3,0,12,5,80.0,0,
9,Sheffield Utd,2021-01-27,20,Visitante,V,2.0,1.0,Manchester Utd,25.0,3.0,2,67.5,5,60.0,2.5,1,0,15,4,75.0,0,
10,Sheffield Utd,2021-01-17,19,Em casa,D,1.0,3.0,Tottenham,43.0,4.0,5,75.6,15,33.3,15.0,4,0,20,5,40.0,0,
11,Sheffield Utd,2021-01-12,18,Em casa,V,1.0,0.0,Newcastle Utd,65.0,1.0,5,85.2,16,18.8,16.0,2,0,14,3,100.0,1,
12,Sheffield Utd,2021-01-02,17,Visitante,D,0.0,2.0,Crystal Palace,55.0,2.0,6,79.6,7,28.6,0.0,3,0,22,4,50.0,0,
13,Sheffield Utd,2020-12-29,16,Visitante,D,0.0,1.0,Burnley,64.0,1.0,5,80.1,7,28.6,0.0,2,0,19,3,66.7,0,
14,Sheffield Utd,2020-12-26,15,Em casa,D,0.0,1.0,Everton,44.0,1.0,5,74.5,10,10.0,0.0,2,0,15,3,66.7,0,
15,Sheffield Utd,2020-12-20,14,Visitante,E,1.0,1.0,Brighton,28.0,2.0,2,62.2,5,60.0,5.0,5,1,12,4,75.0,0,
16,Sheffield Utd,2020-12-17,13,Em casa,D,2.0,3.0,Manchester Utd,41.0,5.0,6,71.0,12,50.0,6.0,3,0,22,8,62.5,0,
17,Sheffield Utd,2020-12-13,12,Visitante,D,0.0,3.0,Southampton,33.0,3.0,4,68.2,3,0.0,0.0,1,0,17,6,50.0,0,
18,Sheffield Utd,2020-12-06,11,Em casa,D,1.0,2.0,Leicester City,31.0,3.0,6,67.6,4,25.0,4.0,1,0,18,4,50.0,0,
19,Sheffield Utd,2020-11-28,10,Visitante,D,0.0,1.0,West Brom,51.0,1.0,9,78.4,21,23.8,0.0,3,0,14,6,83.3,0,
20,Sheffield Utd,2020-11-22, 9,Em casa,D,0.0,1.0,West Ham,50.0,1.0,2,79.0,9,55.6,0.0,0,0,9,3,66.7,0,
21,Sheffield Utd,2020-11-07, 8,Visitante,D,1.0,4.0,Chelsea,31.0,5.0,7,70.6,6,50.0,6.0,2,0,18,9,55.6,0,
22,Sheffield Utd,2020-10-31, 7,Em casa,D,0.0,1.0,Manchester City,36.0,1.0,2,76.1,4,25.0,0.0,0,0,19,8,87.5,0,
23,Sheffield Utd,2020-10-24, 6,Visitante,D,1.0,2.0,Liverpool,39.0,3.0,3,74.1,12,8.3,12.0,3,0,22,5,60.0,0,
24,Sheffield Utd,2020-10-18, 5,Em casa,E,1.0,1.0,Fulham,42.0,2.0,2,75.8,9,55.6,9.0,0,0,12,6,83.3,0,
25,Sheffield Utd,2020-10-04, 4,Visitante,D,1.0,2.0,Arsenal,37.0,3.0,4,76.7,6,33.3,6.0,1,0,10,5,60.0,0,
26,Sheffield Utd,2020-09-27, 3,Em casa,D,0.0,1.0,Leeds United,37.0,1.0,5,72.4,13,23.1,0.0,2,0,19,9,88.9,0,
27,Sheffield Utd,2020-09-21, 2,Visitante,D,0.0,1.0,Aston Villa,28.0,1.0,4,60.1,3,0.0,0.0,1,1,13,2,50.0,0,
28,Sheffield Utd,2020-09-14, 1,Em casa,D,0.0,2.0,Wolves,56.0,2.0,12,76.4,9,11.1,0.0,2,0,17,4,50.0,0,
