,clube,data,local,resultado,gols_marcados,gols_sofridos,oponente,posse,gols_partida,escanteios,passes_certos_%,total_chutes,chutes_a_gol,chutes_ao_gol_%,gols_por_chute_ao_gol_%,escudo
1,Atlético Madrid,2021-01-12,Em casa,V,2.0,0.0,Sevilla,34.0,2.0,3,79.1,5,4,80.0,50,https://d2p3bygnnzw9w3.cloudfront.net/req/202103021/tlogo/fb/db3b9613.png
2,Atlético Madrid,2021-02-17,Visitante,E,1.0,1.0,Levante,64.0,2.0,8,82.9,14,6,42.9,17,
3,Atlético Madrid,2020-09-27,Em casa,V,6.0,1.0,Granada,55.0,7.0,1,82.8,16,9,56.3,67,
4,Atlético Madrid,2020-09-30,Visitante,E,0.0,0.0,Huesca,63.0,0.0,7,85.1,16,2,12.5,0,
5,Atlético Madrid,2020-10-03,Em casa,E,0.0,0.0,Villarreal,54.0,0.0,9,84.1,14,1,7.1,0,
6,Atlético Madrid,2020-10-17,Visitante,V,2.0,0.0,Celta Vigo,50.0,2.0,4,78.2,9,4,44.4,50,
7,Atlético Madrid,2020-10-24,Em casa,V,2.0,0.0,Betis,41.0,2.0,8,75.6,13,6,46.2,33,
8,Atlético Madrid,2020-10-31,Visitante,V,3.0,1.0,Osasuna,55.0,4.0,2,80.3,9,5,55.6,40,
9,Atlético Madrid,2020-11-07,Em casa,V,4.0,0.0,Cádiz,67.0,4.0,2,91.0,17,7,41.2,57,
10,Atlético Madrid,2020-11-21,Em casa,V,1.0,0.0,Barcelona,47.0,1.0,8,83.7,10,2,20.0,50,
11,Atlético Madrid,2020-11-28,Visitante,V,1.0,0.0,Valencia,66.0,1.0,7,84.7,14,5,35.7,0,
12,Atlético Madrid,2020-12-05,Em casa,V,2.0,0.0,Valladolid,53.0,2.0,4,82.1,14,4,28.6,50,
13,Atlético Madrid,2020-12-12,Visitante,D,0.0,2.0,Real Madrid,45.0,2.0,6,84.4,5,1,20.0,0,
14,Atlético Madrid,2020-12-19,Em casa,V,3.0,1.0,Elche,48.0,4.0,2,87.7,11,5,45.5,40,
15,Atlético Madrid,2020-12-22,Visitante,V,2.0,0.0,Real Sociedad,41.0,2.0,5,74.5,8,3,37.5,67,
16,Atlético Madrid,2020-12-30,Em casa,V,1.0,0.0,Getafe,51.0,1.0,5,75.4,10,3,30.0,33,
17,Atlético Madrid,2021-01-03,Visitante,V,2.0,1.0,Alavés,59.0,3.0,5,81.0,8,4,50.0,50,
19,Atlético Madrid,2021-01-21,Visitante,V,2.0,1.0,Eibar,63.0,3.0,3,75.4,8,3,37.5,33,
20,Atlético Madrid,2021-01-24,Em casa,V,3.0,1.0,Valencia,49.0,4.0,7,81.6,14,5,35.7,60,
21,Atlético Madrid,2021-01-31,Visitante,V,4.0,2.0,Cádiz,51.0,6.0,2,84.5,8,3,37.5,100,
22,Atlético Madrid,2021-02-08,Em casa,E,2.0,2.0,Celta Vigo,46.0,4.0,1,79.4,8,2,25.0,100,
23,Atlético Madrid,2021-02-13,Visitante,V,2.0,1.0,Granada,60.0,3.0,3,78.8,10,4,40.0,50,
24,Atlético Madrid,2021-02-20,Em casa,D,0.0,2.0,Levante,56.0,2.0,12,81.2,28,11,39.3,0,
25,Atlético Madrid,2021-02-28,Visitante,V,2.0,0.0,Villarreal,38.0,2.0,2,75.6,6,5,83.3,20,
1,Barcelona,2021-02-24,Em casa,V,3.0,0.0,Elche,65.0,3.0,6,91.9,9,5,55.6,60,https://d2p3bygnnzw9w3.cloudfront.net/req/202103021/tlogo/fb/206d90db.png
2,Barcelona,2021-01-06,Visitante,V,3.0,2.0,Athletic Club,57.0,5.0,4,89.1,13,9,69.2,33,
3,Barcelona,2020-09-27,Em casa,V,4.0,0.0,Villarreal,56.0,4.0,8,88.6,16,8,50.0,25,
4,Barcelona,2020-10-01,Visitante,V,3.0,0.0,Celta Vigo,57.0,3.0,7,84.0,7,4,57.1,50,
5,Barcelona,2020-10-04,Em casa,E,1.0,1.0,Sevilla,54.0,2.0,6,87.2,11,5,45.5,20,
6,Barcelona,2020-10-17,Visitante,D,0.0,1.0,Getafe,73.0,1.0,2,86.3,7,1,14.3,0,
7,Barcelona,2020-10-24,Em casa,D,1.0,3.0,Real Madrid,52.0,4.0,7,87.4,10,4,40.0,25,
8,Barcelona,2020-10-31,Visitante,E,1.0,1.0,Alavés,79.0,2.0,14,89.1,25,8,32.0,13,
9,Barcelona,2020-11-07,Em casa,V,5.0,2.0,Betis,59.0,7.0,9,87.7,15,7,46.7,57,
10,Barcelona,2020-11-21,Visitante,D,0.0,1.0,Atlético Madrid,53.0,1.0,8,87.9,13,4,30.8,0,
11,Barcelona,2020-11-29,Em casa,V,4.0,0.0,Osasuna,71.0,4.0,5,89.9,20,10,50.0,40,
12,Barcelona,2020-12-05,Visitante,D,1.0,2.0,Cádiz,82.0,3.0,13,87.3,21,8,38.1,0,
13,Barcelona,2020-12-13,Em casa,V,1.0,0.0,Levante,64.0,1.0,12,88.8,24,13,54.2,8,
14,Barcelona,2020-12-19,Em casa,E,2.0,2.0,Valencia,71.0,4.0,8,87.8,23,8,34.8,25,
15,Barcelona,2020-12-22,Visitante,V,3.0,0.0,Valladolid,60.0,3.0,5,90.4,21,10,47.6,30,
16,Barcelona,2020-12-29,Em casa,E,1.0,1.0,Eibar,72.0,2.0,5,86.8,15,5,33.3,20,
17,Barcelona,2021-01-03,Visitante,V,1.0,0.0,Huesca,69.0,1.0,6,90.4,20,6,30.0,17,
18,Barcelona,2021-01-09,Visitante,V,4.0,0.0,Granada,72.0,4.0,1,92.2,14,4,28.6,100,
19,Barcelona,2020-12-16,Em casa,V,2.0,1.0,Real Sociedad,53.0,3.0,2,83.4,14,4,28.6,50,
20,Barcelona,2021-01-24,Visitante,V,2.0,0.0,Elche,65.0,2.0,7,89.5,15,7,46.7,29,
21,Barcelona,2021-01-31,Em casa,V,2.0,1.0,Athletic Club,58.0,3.0,7,87.8,12,6,50.0,33,
22,Barcelona,2021-02-07,Visitante,V,3.0,2.0,Betis,64.0,5.0,5,90.8,12,3,25.0,67,
23,Barcelona,2021-02-13,Em casa,V,5.0,1.0,Alavés,74.0,6.0,5,91.4,17,9,52.9,56,
24,Barcelona,2021-02-21,Em casa,E,1.0,1.0,Cádiz,81.0,2.0,8,89.6,19,3,15.8,0,
25,Barcelona,2021-02-27,Visitante,V,2.0,0.0,Sevilla,54.0,2.0,3,87.9,9,5,55.6,40,
1,Real Madrid,2021-02-09,Em casa,V,2.0,0.0,Getafe,67.0,2.0,8,85.6,14,4,28.6,50,https://d2p3bygnnzw9w3.cloudfront.net/req/202103021/tlogo/fb/53a2f082.png
2,Real Madrid,2020-09-20,Visitante,E,0.0,0.0,Real Sociedad,67.0,0.0,11,87.3,16,4,25.0,0,
3,Real Madrid,2020-09-26,Visitante,V,3.0,2.0,Betis,55.0,5.0,3,84.2,10,2,20.0,50,
4,Real Madrid,2020-09-30,Em casa,V,1.0,0.0,Valladolid,62.0,1.0,4,86.2,15,5,33.3,20,
5,Real Madrid,2020-10-04,Visitante,V,2.0,0.0,Levante,55.0,2.0,6,82.8,13,3,23.1,67,
6,Real Madrid,2020-10-17,Em casa,D,0.0,1.0,Cádiz,74.0,1.0,4,85.4,14,1,7.1,0,
7,Real Madrid,2020-10-24,Visitante,V,3.0,1.0,Barcelona,48.0,4.0,7,86.8,15,8,53.3,25,
8,Real Madrid,2020-10-31,Em casa,V,4.0,1.0,Huesca,60.0,5.0,6,88.2,13,6,46.2,67,
9,Real Madrid,2020-11-08,Visitante,D,1.0,4.0,Valencia,65.0,5.0,8,85.4,16,6,37.5,17,
10,Real Madrid,2020-11-21,Visitante,E,1.0,1.0,Villarreal,54.0,2.0,2,88.1,7,1,14.3,100,
11,Real Madrid,2020-11-28,Em casa,D,1.0,2.0,Alavés,67.0,3.0,12,84.2,20,8,40.0,13,
12,Real Madrid,2020-12-05,Visitante,V,1.0,0.0,Sevilla,38.0,1.0,3,78.4,10,2,20.0,0,
13,Real Madrid,2020-12-12,Em casa,V,2.0,0.0,Atlético Madrid,55.0,2.0,3,90.2,12,3,25.0,33,
14,Real Madrid,2020-12-20,Visitante,V,3.0,1.0,Eibar,66.0,4.0,4,82.9,12,5,41.7,60,
15,Real Madrid,2020-12-23,Em casa,V,2.0,0.0,Granada,67.0,2.0,8,84.4,23,6,26.1,33,
16,Real Madrid,2020-12-30,Visitante,E,1.0,1.0,Elche,68.0,2.0,3,89.3,14,6,42.9,17,
17,Real Madrid,2021-01-02,Em casa,V,2.0,0.0,Celta Vigo,41.0,2.0,1,87.4,9,2,22.2,100,
18,Real Madrid,2021-01-09,Visitante,E,0.0,0.0,Osasuna,70.0,0.0,4,87.6,8,1,12.5,0,
19,Real Madrid,2020-12-15,Em casa,V,3.0,1.0,Athletic Club,68.0,4.0,6,89.8,18,5,27.8,60,
20,Real Madrid,2021-01-23,Visitante,V,4.0,1.0,Alavés,60.0,5.0,4,88.3,10,6,60.0,67,
21,Real Madrid,2021-01-30,Em casa,D,1.0,2.0,Levante,48.0,3.0,3,84.5,9,2,22.2,50,
22,Real Madrid,2021-02-06,Visitante,V,2.0,1.0,Huesca,65.0,3.0,9,87.5,19,7,36.8,29,
23,Real Madrid,2021-02-14,Em casa,V,2.0,0.0,Valencia,61.0,2.0,6,89.8,16,7,43.8,29,
24,Real Madrid,2021-02-20,Visitante,V,1.0,0.0,Valladolid,64.0,1.0,5,85.5,10,2,20.0,50,
25,Real Madrid,2021-03-01,Em casa,E,1.0,1.0,Real Sociedad,59.0,2.0,13,87.1,20,2,10.0,50,
1,Sevilla,2021-01-12,Visitante,D,0.0,2.0,Atlético Madrid,66.0,2.0,12,88.1,13.0,2.0,15.4,0.0,https://d2p3bygnnzw9w3.cloudfront.net/req/202103021/tlogo/fb/ad2be733.png
3,Sevilla,2020-09-27,Visitante,V,3.0,1.0,Cádiz,75.0,4.0,5,89.9,14.0,6.0,42.9,50.0,
4,Sevilla,2020-10-01,Em casa,V,1.0,0.0,Levante,64.0,1.0,2,86.7,17.0,2.0,11.8,50.0,
5,Sevilla,2020-10-04,Visitante,E,1.0,1.0,Barcelona,46.0,2.0,5,85.7,10.0,1.0,10.0,100.0,
6,Sevilla,2020-10-17,Visitante,D,0.0,1.0,Granada,49.0,1.0,1,80.9,8.0,3.0,37.5,0.0,
7,Sevilla,2020-10-24,Em casa,D,0.0,1.0,Eibar,70.0,1.0,13,83.0,21.0,3.0,14.3,0.0,
8,Sevilla,2020-10-31,Visitante,D,1.0,2.0,Athletic Club,54.0,3.0,1,80.0,7.0,2.0,28.6,50.0,
9,Sevilla,2020-11-07,Em casa,V,1.0,0.0,Osasuna,66.0,1.0,3,81.4,8.0,1.0,12.5,0.0,
10,Sevilla,2020-11-21,Em casa,V,4.0,2.0,Celta Vigo,58.0,6.0,3,82.6,14.0,10.0,71.4,40.0,
11,Sevilla,2020-11-28,Visitante,V,1.0,0.0,Huesca,66.0,1.0,10,84.2,16.0,4.0,25.0,25.0,
12,Sevilla,2020-12-05,Em casa,D,0.0,1.0,Real Madrid,62.0,1.0,4,86.8,11.0,2.0,18.2,0.0,
13,Sevilla,2020-12-12,Visitante,V,1.0,0.0,Getafe,74.0,1.0,3,88.4,,,,,
14,Sevilla,2020-12-19,Em casa,E,1.0,1.0,Valladolid,59.0,2.0,7,83.6,13.0,2.0,15.4,0.0,
15,Sevilla,2020-12-22,Visitante,V,1.0,0.0,Valencia,69.0,1.0,5,84.1,19.0,2.0,10.5,50.0,
16,Sevilla,2020-12-29,Em casa,V,2.0,0.0,Villarreal,43.0,2.0,4,81.1,9.0,2.0,22.2,50.0,
17,Sevilla,2021-01-02,Visitante,E,1.0,1.0,Betis,55.0,2.0,1,82.5,7.0,2.0,28.6,50.0,
18,Sevilla,2021-01-09,Em casa,V,3.0,2.0,Real Sociedad,61.0,5.0,2,82.2,12.0,7.0,58.3,43.0,
19,Sevilla,2021-01-19,Visitante,V,2.0,1.0,Alavés,61.0,3.0,2,80.0,7.0,3.0,42.9,67.0,
20,Sevilla,2021-01-23,Em casa,V,3.0,0.0,Cádiz,78.0,3.0,7,88.5,16.0,7.0,43.8,43.0,
21,Sevilla,2021-01-30,Visitante,V,2.0,0.0,Eibar,52.0,2.0,2,76.4,6.0,2.0,33.3,50.0,
22,Sevilla,2021-02-06,Em casa,V,3.0,0.0,Getafe,76.0,3.0,3,91.1,18.0,5.0,27.8,60.0,
23,Sevilla,2021-02-13,Em casa,V,1.0,0.0,Huesca,65.0,1.0,6,84.3,14.0,4.0,28.6,25.0,
24,Sevilla,2021-02-22,Visitante,V,2.0,0.0,Osasuna,59.0,2.0,5,80.4,10.0,5.0,50.0,40.0,
25,Sevilla,2021-02-27,Em casa,D,0.0,2.0,Barcelona,46.0,2.0,3,83.9,3.0,1.0,33.3,0.0,
1,Real Sociedad,2020-09-13,Visitante,E,1.0,1.0,Valladolid,60.0,2.0,3,76.0,8,2,25.0,50,https://d2p3bygnnzw9w3.cloudfront.net/req/202103021/tlogo/fb/e31d1cd9.png
2,Real Sociedad,2020-09-20,Em casa,E,0.0,0.0,Real Madrid,33.0,0.0,1,74.9,6,1,16.7,0,
3,Real Sociedad,2020-09-26,Visitante,V,3.0,0.0,Elche,60.0,3.0,11,81.5,26,6,23.1,33,
4,Real Sociedad,2020-09-29,Em casa,D,0.0,1.0,Valencia,65.0,1.0,9,81.0,11,3,27.3,0,
5,Real Sociedad,2020-10-03,Em casa,V,3.0,0.0,Getafe,53.0,3.0,5,71.7,10,5,50.0,40,
6,Real Sociedad,2020-10-18,Visitante,V,3.0,0.0,Betis,46.0,3.0,2,72.3,7,4,57.1,50,
7,Real Sociedad,2020-10-25,Em casa,V,4.0,1.0,Huesca,51.0,5.0,4,80.6,11,4,36.4,75,
8,Real Sociedad,2020-11-01,Visitante,V,4.0,1.0,Celta Vigo,54.0,5.0,3,81.3,10,7,70.0,57,
9,Real Sociedad,2020-11-08,Em casa,V,2.0,0.0,Granada,72.0,2.0,15,84.6,20,7,35.0,14,
10,Real Sociedad,2020-11-22,Visitante,V,1.0,0.0,Cádiz,67.0,1.0,6,82.2,14,4,28.6,25,
11,Real Sociedad,2020-11-29,Em casa,E,1.0,1.0,Villarreal,55.0,2.0,4,79.6,7,3,42.9,0,
12,Real Sociedad,2020-12-06,Visitante,E,0.0,0.0,Alavés,67.0,0.0,3,80.8,13,4,30.8,0,
13,Real Sociedad,2020-12-13,Em casa,E,1.0,1.0,Eibar,47.0,2.0,5,67.2,8,2,25.0,50,
14,Real Sociedad,2020-12-19,Visitante,D,1.0,2.0,Levante,55.0,3.0,4,79.7,14,5,35.7,20,
15,Real Sociedad,2020-12-22,Em casa,D,0.0,2.0,Atlético Madrid,59.0,2.0,5,81.5,6,1,16.7,0,
16,Real Sociedad,2020-12-31,Visitante,V,1.0,0.0,Athletic Club,40.0,1.0,4,64.4,13,3,23.1,33,
17,Real Sociedad,2021-01-03,Em casa,E,1.0,1.0,Osasuna,61.0,2.0,7,73.6,9,2,22.2,50,
18,Real Sociedad,2021-01-09,Visitante,D,2.0,3.0,Sevilla,39.0,5.0,9,74.3,10,3,30.0,33,
19,Real Sociedad,2020-12-16,Visitante,D,1.0,2.0,Barcelona,47.0,3.0,3,81.7,12,5,41.7,20,
20,Real Sociedad,2021-01-23,Em casa,E,2.0,2.0,Betis,52.0,4.0,8,80.0,11,6,54.5,33,
21,Real Sociedad,2021-01-30,Visitante,E,1.0,1.0,Villarreal,65.0,2.0,7,84.2,12,3,25.0,33,
22,Real Sociedad,2021-02-07,Em casa,V,4.0,1.0,Cádiz,74.0,5.0,5,88.8,16,5,31.3,60,
23,Real Sociedad,2021-02-14,Visitante,V,1.0,0.0,Getafe,56.0,1.0,5,71.4,3,2,66.7,50,
24,Real Sociedad,2021-02-21,Em casa,V,4.0,0.0,Alavés,64.0,4.0,4,81.2,8,4,50.0,100,
25,Real Sociedad,2021-03-01,Visitante,E,1.0,1.0,Real Madrid,41.0,2.0,4,80.7,6,2,33.3,50,
1,Betis,2020-09-13,Visitante,V,1.0,0.0,Alavés,57.0,1.0,4,78.2,11,4,36.4,25,https://d2p3bygnnzw9w3.cloudfront.net/req/202103021/tlogo/fb/fc536746.png
2,Betis,2020-09-20,Em casa,V,2.0,0.0,Valladolid,56.0,2.0,5,81.3,15,5,33.3,20,
3,Betis,2020-09-26,Em casa,D,2.0,3.0,Real Madrid,45.0,5.0,8,82.0,15,5,33.3,40,
4,Betis,2020-09-29,Visitante,D,0.0,3.0,Getafe,69.0,3.0,4,83.6,9,2,22.2,0,
5,Betis,2020-10-03,Visitante,V,2.0,0.0,Valencia,53.0,2.0,7,79.6,17,8,47.1,25,
6,Betis,2020-10-18,Em casa,D,0.0,3.0,Real Sociedad,54.0,3.0,6,77.6,7,1,14.3,0,
7,Betis,2020-10-24,Visitante,D,0.0,2.0,Atlético Madrid,59.0,2.0,5,82.6,12,3,25.0,0,
8,Betis,2020-11-01,Em casa,V,3.0,1.0,Elche,60.0,4.0,1,89.5,16,9,56.3,33,
9,Betis,2020-11-07,Visitante,D,2.0,5.0,Barcelona,41.0,7.0,5,82.8,12,6,50.0,33,
10,Betis,2020-11-23,Visitante,D,0.0,4.0,Athletic Club,59.0,4.0,3,84.4,7,1,14.3,0,
11,Betis,2020-11-30,Em casa,D,0.0,2.0,Eibar,64.0,2.0,6,74.9,7,3,42.9,0,
12,Betis,2020-12-06,Visitante,V,2.0,0.0,Osasuna,50.0,2.0,5,72.4,14,5,35.7,40,
13,Betis,2020-12-13,Em casa,E,1.0,1.0,Villarreal,46.0,2.0,4,81.4,11,5,45.5,20,
14,Betis,2020-12-20,Visitante,D,0.0,2.0,Granada,69.0,2.0,10,80.7,14,1,7.1,0,
15,Betis,2020-12-23,Em casa,V,1.0,0.0,Cádiz,71.0,1.0,5,84.0,6,1,16.7,100,
16,Betis,2020-12-29,Visitante,D,3.0,4.0,Levante,61.0,7.0,6,84.6,19,6,31.6,33,
17,Betis,2021-01-02,Em casa,E,1.0,1.0,Sevilla,45.0,2.0,2,78.1,14,1,7.1,0,
18,Betis,2021-01-11,Visitante,V,2.0,0.0,Huesca,51.0,2.0,6,80.0,15,5,33.3,40,
19,Betis,2021-01-20,Em casa,V,2.0,1.0,Celta Vigo,43.0,3.0,5,75.1,12,4,33.3,50,
20,Betis,2021-01-23,Visitante,E,2.0,2.0,Real Sociedad,48.0,4.0,3,78.5,7,4,57.1,50,
21,Betis,2021-02-01,Em casa,V,1.0,0.0,Osasuna,64.0,1.0,3,86.7,9,3,33.3,33,
22,Betis,2021-02-07,Em casa,D,2.0,3.0,Barcelona,36.0,5.0,3,81.9,8,5,62.5,40,
23,Betis,2021-02-14,Visitante,V,2.0,1.0,Villarreal,45.0,3.0,3,80.5,15,4,26.7,50,
24,Betis,2021-02-19,Em casa,V,1.0,0.0,Getafe,64.0,1.0,5,80.6,10,3,30.0,0,
25,Betis,2021-02-28,Visitante,V,1.0,0.0,Cádiz,64.0,1.0,7,85.4,9,4,44.4,25,
1,Villarreal,2020-09-13,Em casa,E,1.0,1.0,Huesca,65.0,2.0,6,82.2,14.0,3.0,21.4,0.0,https://d2p3bygnnzw9w3.cloudfront.net/req/202103021/tlogo/fb/2a8183b3.png
2,Villarreal,2020-09-19,Em casa,V,2.0,1.0,Eibar,56.0,3.0,4,78.7,13.0,6.0,46.2,33.0,
3,Villarreal,2020-09-27,Visitante,D,0.0,4.0,Barcelona,44.0,4.0,4,83.2,5.0,1.0,20.0,0.0,
4,Villarreal,2020-09-30,Em casa,V,3.0,1.0,Alavés,59.0,4.0,2,82.5,10.0,5.0,50.0,40.0,
5,Villarreal,2020-10-03,Visitante,E,0.0,0.0,Atlético Madrid,46.0,0.0,1,83.1,6.0,2.0,33.3,0.0,
6,Villarreal,2020-10-18,Em casa,V,2.0,1.0,Valencia,62.0,3.0,3,88.2,15.0,5.0,33.3,20.0,
7,Villarreal,2020-10-25,Visitante,E,0.0,0.0,Cádiz,75.0,0.0,5,87.1,7.0,3.0,42.9,0.0,
8,Villarreal,2020-11-02,Em casa,V,2.0,0.0,Valladolid,59.0,2.0,6,85.0,11.0,5.0,45.5,40.0,
9,Villarreal,2020-11-08,Visitante,V,3.0,1.0,Getafe,54.0,4.0,3,77.8,9.0,5.0,55.6,60.0,
10,Villarreal,2020-11-21,Em casa,E,1.0,1.0,Real Madrid,46.0,2.0,4,86.5,,,,,
11,Villarreal,2020-11-29,Visitante,E,1.0,1.0,Real Sociedad,45.0,2.0,4,73.8,9.0,1.0,11.1,0.0,
12,Villarreal,2020-12-06,Em casa,E,0.0,0.0,Elche,56.0,0.0,4,87.1,12.0,3.0,25.0,0.0,
13,Villarreal,2020-12-13,Visitante,E,1.0,1.0,Betis,54.0,2.0,8,83.2,7.0,2.0,28.6,50.0,
14,Villarreal,2020-12-19,Visitante,V,3.0,1.0,Osasuna,67.0,4.0,2,85.6,13.0,7.0,53.8,43.0,
15,Villarreal,2020-12-22,Em casa,E,1.0,1.0,Athletic Club,65.0,2.0,6,83.7,17.0,6.0,35.3,17.0,
16,Villarreal,2020-12-29,Visitante,D,0.0,2.0,Sevilla,57.0,2.0,7,84.3,6.0,2.0,33.3,0.0,
17,Villarreal,2021-01-02,Em casa,V,2.0,1.0,Levante,50.0,3.0,3,84.3,12.0,7.0,58.3,29.0,
18,Villarreal,2021-01-08,Visitante,V,4.0,0.0,Celta Vigo,43.0,4.0,4,86.6,16.0,6.0,37.5,67.0,
19,Villarreal,2021-01-20,Em casa,E,2.0,2.0,Granada,68.0,4.0,3,86.4,6.0,1.0,16.7,100.0,
20,Villarreal,2021-01-23,Visitante,E,0.0,0.0,Huesca,56.0,0.0,2,85.4,8.0,2.0,25.0,0.0,
21,Villarreal,2021-01-30,Em casa,E,1.0,1.0,Real Sociedad,35.0,2.0,1,78.0,4.0,2.0,50.0,50.0,
22,Villarreal,2021-02-06,Visitante,E,2.0,2.0,Elche,54.0,4.0,2,85.7,11.0,4.0,36.4,50.0,
23,Villarreal,2021-02-14,Em casa,D,1.0,2.0,Betis,55.0,3.0,7,80.9,8.0,4.0,50.0,0.0,
24,Villarreal,2021-02-21,Visitante,E,1.0,1.0,Athletic Club,51.0,2.0,0,85.7,3.0,2.0,66.7,50.0,
25,Villarreal,2021-02-28,Em casa,D,0.0,2.0,Atlético Madrid,62.0,2.0,10,86.2,19.0,6.0,31.6,0.0,
26,Villarreal,2021-03-05,Visitante,D,1.0,2.0,Valencia,48.0,3.0,3,80.5,10.0,5.0,50.0,0.0,
1,Granada,2020-09-12,Em casa,V,2.0,0.0,Athletic Club,41.0,2.0,1,67.8,4.0,2.0,50.0,100.0,https://d2p3bygnnzw9w3.cloudfront.net/req/202103021/tlogo/fb/a0435291.png
2,Granada,2020-09-20,Em casa,V,2.0,1.0,Alavés,55.0,3.0,4,76.2,10.0,3.0,30.0,67.0,
3,Granada,2020-09-27,Visitante,D,1.0,6.0,Atlético Madrid,45.0,7.0,1,72.9,11.0,6.0,54.5,17.0,
4,Granada,2021-01-12,Em casa,V,2.0,0.0,Osasuna,41.0,2.0,4,59.0,8.0,2.0,25.0,50.0,
5,Granada,2020-10-04,Visitante,E,1.0,1.0,Cádiz,58.0,2.0,5,78.4,14.0,5.0,35.7,20.0,
6,Granada,2020-10-17,Em casa,V,1.0,0.0,Sevilla,51.0,1.0,4,80.4,13.0,3.0,23.1,33.0,
7,Granada,2020-10-25,Visitante,V,1.0,0.0,Getafe,33.0,1.0,1,49.5,4.0,1.0,25.0,0.0,
8,Granada,2020-11-01,Em casa,E,1.0,1.0,Levante,31.0,2.0,2,56.8,5.0,2.0,40.0,50.0,
9,Granada,2020-11-08,Visitante,D,0.0,2.0,Real Sociedad,28.0,2.0,0,62.4,,,,,
10,Granada,2020-11-22,Em casa,D,1.0,3.0,Valladolid,59.0,4.0,5,74.8,15.0,6.0,40.0,17.0,
11,Granada,2020-11-29,Visitante,D,1.0,3.0,Celta Vigo,34.0,4.0,0,69.7,9.0,2.0,22.2,50.0,
12,Granada,2020-12-06,Em casa,E,3.0,3.0,Huesca,48.0,6.0,4,74.4,15.0,6.0,40.0,50.0,
13,Granada,2020-12-13,Visitante,V,1.0,0.0,Elche,34.0,1.0,5,71.1,14.0,5.0,35.7,20.0,
14,Granada,2020-12-20,Em casa,V,2.0,0.0,Betis,31.0,2.0,1,64.2,7.0,2.0,28.6,50.0,
15,Granada,2020-12-23,Visitante,D,0.0,2.0,Real Madrid,33.0,2.0,1,71.0,10.0,2.0,20.0,0.0,
16,Granada,2020-12-30,Em casa,V,2.0,1.0,Valencia,54.0,3.0,6,71.2,24.0,5.0,20.8,40.0,
17,Granada,2021-01-03,Visitante,D,0.0,2.0,Eibar,43.0,2.0,2,48.8,6.0,3.0,50.0,0.0,
18,Granada,2021-01-09,Em casa,D,0.0,4.0,Barcelona,28.0,4.0,4,78.9,8.0,4.0,50.0,0.0,
19,Granada,2021-01-20,Visitante,E,2.0,2.0,Villarreal,32.0,4.0,0,72.4,3.0,2.0,66.7,100.0,
20,Granada,2021-01-24,Visitante,D,1.0,3.0,Osasuna,52.0,4.0,5,65.5,12.0,1.0,8.3,100.0,
21,Granada,2021-01-31,Em casa,E,0.0,0.0,Celta Vigo,34.0,0.0,6,70.1,10.0,5.0,50.0,0.0,
22,Granada,2021-02-06,Visitante,E,2.0,2.0,Levante,39.0,4.0,2,64.0,11.0,5.0,45.5,40.0,
23,Granada,2021-02-13,Em casa,D,1.0,2.0,Atlético Madrid,40.0,3.0,7,66.2,6.0,1.0,16.7,100.0,
24,Granada,2021-02-21,Visitante,D,2.0,3.0,Huesca,41.0,5.0,2,67.9,8.0,5.0,62.5,40.0,
25,Granada,2021-02-28,Em casa,V,2.0,1.0,Elche,45.0,3.0,5,66.5,13.0,4.0,30.8,50.0,
1,Levante,2020-09-13,Visitante,D,2.0,4.0,Valencia,57.0,6.0,4,84.1,18,8,44.4,25,https://d2p3bygnnzw9w3.cloudfront.net/req/202103021/tlogo/fb/9800b6a1.png
2,Levante,2021-02-17,Em casa,E,1.0,1.0,Atlético Madrid,36.0,2.0,1,78.2,7,4,57.1,25,
3,Levante,2020-09-27,Visitante,V,3.0,1.0,Osasuna,58.0,4.0,7,72.5,10,4,40.0,75,
4,Levante,2020-10-01,Visitante,D,0.0,1.0,Sevilla,36.0,1.0,4,75.4,3,1,33.3,0,
5,Levante,2020-10-04,Em casa,D,0.0,2.0,Real Madrid,45.0,2.0,4,80.0,11,4,36.4,0,
6,Levante,2020-10-18,Visitante,D,0.0,2.0,Athletic Club,48.0,2.0,3,75.8,6,1,16.7,0,
7,Levante,2020-10-26,Em casa,E,1.0,1.0,Celta Vigo,58.0,2.0,3,79.4,10,3,30.0,0,
8,Levante,2020-11-01,Visitante,E,1.0,1.0,Granada,69.0,2.0,8,82.4,19,4,21.1,25,
9,Levante,2020-11-08,Em casa,E,1.0,1.0,Alavés,71.0,2.0,12,81.2,18,5,27.8,20,
10,Levante,2020-11-21,Em casa,E,1.0,1.0,Elche,44.0,2.0,5,79.3,13,5,38.5,20,
11,Levante,2020-11-27,Visitante,E,1.0,1.0,Valladolid,64.0,2.0,11,78.8,10,2,20.0,0,
12,Levante,2020-12-05,Em casa,V,3.0,0.0,Getafe,67.0,3.0,5,85.2,13,8,61.5,38,
13,Levante,2020-12-13,Visitante,D,0.0,1.0,Barcelona,36.0,1.0,4,79.9,6,3,50.0,0,
14,Levante,2020-12-19,Em casa,V,2.0,1.0,Real Sociedad,45.0,3.0,3,78.3,14,5,35.7,40,
15,Levante,2020-12-22,Visitante,E,1.0,1.0,Huesca,46.0,2.0,3,76.0,9,1,11.1,100,
16,Levante,2020-12-29,Em casa,V,4.0,3.0,Betis,39.0,7.0,3,70.0,10,5,50.0,80,
17,Levante,2021-01-02,Visitante,D,1.0,2.0,Villarreal,50.0,3.0,5,80.3,9,2,22.2,50,
18,Levante,2021-01-10,Em casa,V,2.0,1.0,Eibar,52.0,3.0,4,74.1,5,2,40.0,100,
19,Levante,2021-01-19,Visitante,E,2.0,2.0,Cádiz,68.0,4.0,2,85.9,8,5,62.5,40,
20,Levante,2021-01-22,Em casa,E,2.0,2.0,Valladolid,57.0,4.0,8,80.6,11,3,27.3,67,
21,Levante,2021-01-30,Visitante,V,2.0,1.0,Real Madrid,52.0,3.0,7,88.1,13,7,53.8,29,
22,Levante,2021-02-06,Em casa,E,2.0,2.0,Granada,61.0,4.0,6,75.9,11,7,63.6,29,
23,Levante,2021-02-14,Em casa,D,0.0,1.0,Osasuna,63.0,1.0,2,78.1,11,3,27.3,0,
24,Levante,2021-02-20,Visitante,V,2.0,0.0,Atlético Madrid,44.0,2.0,2,78.2,6,1,16.7,100,
25,Levante,2021-02-26,Em casa,E,1.0,1.0,Athletic Club,44.0,2.0,2,78.0,9,3,33.3,0,
1,Athletic Club,2020-09-12,Visitante,D,0.0,2.0,Granada,59.0,2.0,2,74.2,9.0,2.0,22.2,0.0,https://d2p3bygnnzw9w3.cloudfront.net/req/202103021/tlogo/fb/2b390eca.png
2,Athletic Club,2021-01-06,Em casa,D,2.0,3.0,Barcelona,43.0,5.0,3,84.3,8.0,4.0,50.0,50.0,
3,Athletic Club,2020-09-27,Visitante,V,2.0,1.0,Eibar,50.0,3.0,4,62.3,9.0,5.0,55.6,40.0,
4,Athletic Club,2020-10-01,Em casa,D,0.0,1.0,Cádiz,72.0,1.0,6,80.3,13.0,4.0,30.8,0.0,
5,Athletic Club,2020-10-04,Visitante,D,0.0,1.0,Alavés,61.0,1.0,6,70.5,8.0,1.0,12.5,0.0,
6,Athletic Club,2020-10-18,Em casa,V,2.0,0.0,Levante,52.0,2.0,9,78.1,14.0,4.0,28.6,50.0,
7,Athletic Club,2020-10-24,Visitante,D,0.0,1.0,Osasuna,61.0,1.0,5,75.6,13.0,6.0,46.2,0.0,
8,Athletic Club,2020-10-31,Em casa,V,2.0,1.0,Sevilla,46.0,3.0,6,76.0,16.0,5.0,31.3,40.0,
9,Athletic Club,2020-11-08,Visitante,D,1.0,2.0,Valladolid,69.0,3.0,11,81.4,18.0,1.0,5.6,0.0,
10,Athletic Club,2020-11-23,Em casa,V,4.0,0.0,Betis,41.0,4.0,6,74.8,14.0,9.0,64.3,33.0,
11,Athletic Club,2020-11-29,Visitante,E,1.0,1.0,Getafe,48.0,2.0,2,61.2,5.0,2.0,40.0,50.0,
12,Athletic Club,2020-12-04,Em casa,D,0.0,2.0,Celta Vigo,51.0,2.0,4,78.3,,,,,
13,Athletic Club,2020-12-12,Visitante,E,2.0,2.0,Valencia,59.0,4.0,10,74.3,12.0,4.0,33.3,25.0,
14,Athletic Club,2020-12-18,Em casa,V,2.0,0.0,Huesca,54.0,2.0,5,86.2,10.0,2.0,20.0,50.0,
15,Athletic Club,2020-12-22,Visitante,E,1.0,1.0,Villarreal,35.0,2.0,4,71.7,9.0,3.0,33.3,33.0,
16,Athletic Club,2020-12-31,Em casa,D,0.0,1.0,Real Sociedad,60.0,1.0,2,77.1,,,,,
17,Athletic Club,2021-01-03,Em casa,V,1.0,0.0,Elche,49.0,1.0,5,82.9,13.0,2.0,15.4,50.0,
19,Athletic Club,2020-12-15,Visitante,D,1.0,3.0,Real Madrid,32.0,4.0,6,75.7,10.0,4.0,40.0,25.0,
20,Athletic Club,2021-01-25,Em casa,V,5.0,1.0,Getafe,53.0,6.0,4,73.6,11.0,8.0,72.7,63.0,
21,Athletic Club,2021-01-31,Visitante,D,1.0,2.0,Barcelona,42.0,3.0,3,81.0,7.0,2.0,28.6,0.0,
22,Athletic Club,2021-02-07,Em casa,E,1.0,1.0,Valencia,49.0,2.0,6,77.9,11.0,2.0,18.2,0.0,
23,Athletic Club,2021-02-15,Visitante,V,4.0,0.0,Cádiz,58.0,4.0,8,80.8,13.0,7.0,53.8,57.0,
24,Athletic Club,2021-02-21,Em casa,E,1.0,1.0,Villarreal,49.0,2.0,6,85.0,18.0,8.0,44.4,13.0,
25,Athletic Club,2021-02-26,Visitante,E,1.0,1.0,Levante,56.0,2.0,10,80.3,10.0,4.0,40.0,0.0,
1,Celta Vigo,2020-09-12,Visitante,E,0.0,0.0,Eibar,51.0,0.0,3,62.6,6.0,3.0,50.0,0.0,https://d2p3bygnnzw9w3.cloudfront.net/req/202103021/tlogo/fb/f25da7fb.png
2,Celta Vigo,2020-09-19,Em casa,V,2.0,1.0,Valencia,51.0,3.0,6,79.8,23.0,6.0,26.1,33.0,
3,Celta Vigo,2020-09-27,Visitante,E,1.0,1.0,Valladolid,47.0,2.0,1,70.6,5.0,1.0,20.0,100.0,
4,Celta Vigo,2020-10-01,Em casa,D,0.0,3.0,Barcelona,43.0,3.0,3,80.9,10.0,3.0,30.0,0.0,
5,Celta Vigo,2020-10-04,Visitante,D,0.0,2.0,Osasuna,60.0,2.0,5,78.2,9.0,4.0,44.4,0.0,
6,Celta Vigo,2020-10-17,Em casa,D,0.0,2.0,Atlético Madrid,50.0,2.0,8,81.8,15.0,5.0,33.3,0.0,
7,Celta Vigo,2020-10-26,Visitante,E,1.0,1.0,Levante,42.0,2.0,2,70.2,10.0,3.0,30.0,33.0,
8,Celta Vigo,2020-11-01,Em casa,D,1.0,4.0,Real Sociedad,46.0,5.0,2,77.4,8.0,1.0,12.5,0.0,
9,Celta Vigo,2020-11-06,Visitante,E,1.0,1.0,Elche,48.0,2.0,3,82.0,14.0,6.0,42.9,17.0,
10,Celta Vigo,2020-11-21,Visitante,D,2.0,4.0,Sevilla,42.0,6.0,2,77.5,10.0,7.0,70.0,29.0,
11,Celta Vigo,2020-11-29,Em casa,V,3.0,1.0,Granada,66.0,4.0,8,83.4,18.0,8.0,44.4,38.0,
12,Celta Vigo,2020-12-04,Visitante,V,2.0,0.0,Athletic Club,49.0,2.0,5,77.9,6.0,4.0,66.7,50.0,
13,Celta Vigo,2020-12-14,Em casa,V,4.0,0.0,Cádiz,60.0,4.0,1,84.0,6.0,3.0,50.0,100.0,
14,Celta Vigo,2020-12-20,Em casa,V,2.0,0.0,Alavés,55.0,2.0,3,78.6,12.0,4.0,33.3,50.0,
15,Celta Vigo,2020-12-23,Visitante,E,1.0,1.0,Getafe,62.0,2.0,4,77.7,,,,,
16,Celta Vigo,2020-12-30,Em casa,V,2.0,1.0,Huesca,57.0,3.0,0,86.1,15.0,6.0,40.0,33.0,
17,Celta Vigo,2021-01-02,Visitante,D,0.0,2.0,Real Madrid,59.0,2.0,5,86.3,,,,,
18,Celta Vigo,2021-01-08,Em casa,D,0.0,4.0,Villarreal,57.0,4.0,3,87.3,8.0,3.0,37.5,0.0,
19,Celta Vigo,2021-01-20,Visitante,D,1.0,2.0,Betis,57.0,3.0,6,81.8,10.0,3.0,30.0,33.0,
20,Celta Vigo,2021-01-24,Em casa,E,1.0,1.0,Eibar,55.0,2.0,0,78.6,8.0,4.0,50.0,25.0,
21,Celta Vigo,2021-01-31,Visitante,E,0.0,0.0,Granada,66.0,0.0,5,77.8,7.0,1.0,14.3,0.0,
22,Celta Vigo,2021-02-08,Visitante,E,2.0,2.0,Atlético Madrid,54.0,4.0,4,82.7,7.0,2.0,28.6,100.0,
23,Celta Vigo,2021-02-12,Em casa,V,3.0,1.0,Elche,50.0,4.0,3,76.9,8.0,6.0,75.0,50.0,
24,Celta Vigo,2021-02-20,Visitante,D,0.0,2.0,Valencia,43.0,2.0,1,75.6,5.0,2.0,40.0,0.0,
25,Celta Vigo,2021-02-28,Em casa,E,1.0,1.0,Valladolid,66.0,2.0,3,82.7,11.0,2.0,18.2,50.0,
1,Osasuna,2020-09-12,Visitante,V,2.0,0.0,Cádiz,47.0,2.0,2,63.3,6.0,3.0,50.0,67.0,https://d2p3bygnnzw9w3.cloudfront.net/req/202103021/tlogo/fb/03c57e2b.png
2,Osasuna,2020-09-19,Visitante,D,0.0,1.0,Getafe,45.0,1.0,1,57.7,10.0,3.0,30.0,0.0,
3,Osasuna,2020-09-27,Em casa,D,1.0,3.0,Levante,42.0,4.0,3,63.1,8.0,3.0,37.5,33.0,
4,Osasuna,2021-01-12,Visitante,D,0.0,2.0,Granada,59.0,2.0,4,72.0,15.0,3.0,20.0,0.0,
5,Osasuna,2020-10-04,Em casa,V,2.0,0.0,Celta Vigo,40.0,2.0,6,65.8,13.0,4.0,30.8,50.0,
6,Osasuna,2020-10-18,Visitante,E,0.0,0.0,Eibar,47.0,0.0,7,60.8,8.0,2.0,25.0,0.0,
7,Osasuna,2020-10-24,Em casa,V,1.0,0.0,Athletic Club,39.0,1.0,2,69.0,6.0,1.0,16.7,0.0,
8,Osasuna,2020-10-31,Em casa,D,1.0,3.0,Atlético Madrid,45.0,4.0,3,71.2,8.0,3.0,37.5,33.0,
9,Osasuna,2020-11-07,Visitante,D,0.0,1.0,Sevilla,34.0,1.0,0,71.4,10.0,2.0,20.0,0.0,
10,Osasuna,2020-11-20,Em casa,E,1.0,1.0,Huesca,55.0,2.0,4,73.5,18.0,7.0,38.9,14.0,
11,Osasuna,2020-11-29,Visitante,D,0.0,4.0,Barcelona,29.0,4.0,3,75.2,10.0,5.0,50.0,0.0,
12,Osasuna,2020-12-06,Em casa,D,0.0,2.0,Betis,50.0,2.0,2,67.1,11.0,1.0,9.1,0.0,
13,Osasuna,2020-12-11,Visitante,D,2.0,3.0,Valladolid,52.0,5.0,3,69.1,13.0,6.0,46.2,33.0,
14,Osasuna,2020-12-19,Em casa,D,1.0,3.0,Villarreal,33.0,4.0,2,71.2,5.0,1.0,20.0,0.0,
15,Osasuna,2020-12-22,Visitante,E,2.0,2.0,Elche,35.0,4.0,4,74.0,15.0,6.0,40.0,33.0,
16,Osasuna,2020-12-31,Em casa,E,1.0,1.0,Alavés,33.0,2.0,5,56.8,8.0,2.0,25.0,50.0,
17,Osasuna,2021-01-03,Visitante,E,1.0,1.0,Real Sociedad,39.0,2.0,2,63.0,6.0,2.0,33.3,50.0,
18,Osasuna,2021-01-09,Em casa,E,0.0,0.0,Real Madrid,30.0,0.0,2,73.4,9.0,2.0,22.2,0.0,
19,Osasuna,2021-01-21,Visitante,E,1.0,1.0,Valencia,36.0,2.0,4,74.7,14.0,5.0,35.7,20.0,
20,Osasuna,2021-01-24,Em casa,V,3.0,1.0,Granada,48.0,4.0,1,64.7,7.0,4.0,57.1,75.0,
21,Osasuna,2021-02-01,Visitante,D,0.0,1.0,Betis,36.0,1.0,4,71.8,14.0,5.0,35.7,0.0,
22,Osasuna,2021-02-07,Em casa,V,2.0,1.0,Eibar,51.0,3.0,2,70.8,12.0,4.0,33.3,50.0,
23,Osasuna,2021-02-14,Visitante,V,1.0,0.0,Levante,37.0,1.0,1,64.6,7.0,3.0,42.9,33.0,
24,Osasuna,2021-02-22,Em casa,D,0.0,2.0,Sevilla,41.0,2.0,3,74.7,,,,,
25,Osasuna,2021-02-27,Visitante,V,1.0,0.0,Alavés,48.0,1.0,2,66.5,6.0,3.0,50.0,33.0,
1,Getafe,2021-02-09,Visitante,D,0.0,2.0,Real Madrid,33.0,2.0,1,69.3,,,,,https://d2p3bygnnzw9w3.cloudfront.net/req/202103021/tlogo/fb/7848bd64.png
2,Getafe,2020-09-19,Em casa,V,1.0,0.0,Osasuna,55.0,1.0,4,65.8,6.0,1.0,16.7,100.0,
3,Getafe,2020-09-26,Visitante,E,0.0,0.0,Alavés,53.0,0.0,5,65.0,11.0,4.0,36.4,0.0,
4,Getafe,2020-09-29,Em casa,V,3.0,0.0,Betis,31.0,3.0,1,61.0,8.0,4.0,50.0,75.0,
5,Getafe,2020-10-03,Visitante,D,0.0,3.0,Real Sociedad,47.0,3.0,4,64.8,5.0,1.0,20.0,0.0,
6,Getafe,2020-10-17,Em casa,V,1.0,0.0,Barcelona,27.0,1.0,7,58.2,8.0,3.0,37.5,0.0,
7,Getafe,2020-10-25,Em casa,D,0.0,1.0,Granada,67.0,1.0,6,67.6,10.0,1.0,10.0,0.0,
8,Getafe,2020-11-01,Visitante,E,2.0,2.0,Valencia,62.0,4.0,3,74.5,15.0,5.0,33.3,40.0,
9,Getafe,2020-11-08,Em casa,D,1.0,3.0,Villarreal,46.0,4.0,3,70.3,13.0,4.0,30.8,25.0,
10,Getafe,2020-11-22,Visitante,E,0.0,0.0,Eibar,54.0,0.0,4,53.7,8.0,4.0,50.0,0.0,
11,Getafe,2020-11-29,Em casa,E,1.0,1.0,Athletic Club,52.0,2.0,3,65.5,11.0,3.0,27.3,33.0,
12,Getafe,2020-12-05,Visitante,D,0.0,3.0,Levante,33.0,3.0,5,63.4,,,,,
13,Getafe,2020-12-12,Em casa,D,0.0,1.0,Sevilla,26.0,1.0,5,67.0,8.0,1.0,12.5,0.0,
14,Getafe,2020-12-20,Visitante,V,2.0,0.0,Cádiz,37.0,2.0,4,70.6,6.0,4.0,66.7,50.0,
15,Getafe,2020-12-23,Em casa,E,1.0,1.0,Celta Vigo,38.0,2.0,1,71.4,6.0,3.0,50.0,33.0,
16,Getafe,2020-12-30,Visitante,D,0.0,1.0,Atlético Madrid,49.0,1.0,2,75.0,10.0,2.0,20.0,0.0,
17,Getafe,2021-01-02,Em casa,D,0.0,1.0,Valladolid,54.0,1.0,5,74.9,11.0,4.0,36.4,0.0,
18,Getafe,2021-01-11,Visitante,V,3.0,1.0,Elche,53.0,4.0,7,82.6,13.0,6.0,46.2,33.0,
19,Getafe,2021-01-20,Em casa,V,1.0,0.0,Huesca,47.0,1.0,3,74.4,12.0,5.0,41.7,20.0,
20,Getafe,2021-01-25,Visitante,D,1.0,5.0,Athletic Club,47.0,6.0,4,73.9,5.0,1.0,20.0,100.0,
21,Getafe,2021-01-31,Em casa,E,0.0,0.0,Alavés,58.0,0.0,5,66.4,,,,,
22,Getafe,2021-02-06,Visitante,D,0.0,3.0,Sevilla,24.0,3.0,1,67.5,5.0,1.0,20.0,0.0,
23,Getafe,2021-02-14,Em casa,D,0.0,1.0,Real Sociedad,44.0,1.0,2,64.6,,,,,
24,Getafe,2021-02-19,Visitante,D,0.0,1.0,Betis,36.0,1.0,2,65.3,6.0,1.0,16.7,0.0,
25,Getafe,2021-02-27,Em casa,V,3.0,0.0,Valencia,42.0,3.0,3,60.9,13.0,4.0,30.8,75.0,
1,Valencia,2020-09-13,Em casa,V,4.0,2.0,Levante,43.0,6.0,3,79.3,14.0,8.0,57.1,50.0,https://d2p3bygnnzw9w3.cloudfront.net/req/202103021/tlogo/fb/dcc91a7b.png
2,Valencia,2020-09-19,Visitante,D,1.0,2.0,Celta Vigo,49.0,3.0,6,78.8,9.0,3.0,33.3,33.0,
3,Valencia,2020-09-26,Em casa,E,1.0,1.0,Huesca,47.0,2.0,4,75.0,4.0,2.0,50.0,50.0,
4,Valencia,2020-09-29,Visitante,V,1.0,0.0,Real Sociedad,35.0,1.0,3,70.5,9.0,5.0,55.6,20.0,
5,Valencia,2020-10-03,Em casa,D,0.0,2.0,Betis,47.0,2.0,4,79.9,5.0,2.0,40.0,0.0,
6,Valencia,2020-10-18,Visitante,D,1.0,2.0,Villarreal,38.0,3.0,7,79.4,11.0,3.0,27.3,33.0,
7,Valencia,2020-10-23,Visitante,D,1.0,2.0,Elche,52.0,3.0,7,84.1,14.0,3.0,21.4,33.0,
8,Valencia,2020-11-01,Em casa,E,2.0,2.0,Getafe,38.0,4.0,0,66.4,8.0,4.0,50.0,25.0,
9,Valencia,2020-11-08,Em casa,V,4.0,1.0,Real Madrid,35.0,5.0,1,78.1,4.0,1.0,25.0,0.0,
10,Valencia,2020-11-22,Visitante,E,2.0,2.0,Alavés,66.0,4.0,5,83.4,14.0,5.0,35.7,40.0,
11,Valencia,2020-11-28,Em casa,D,0.0,1.0,Atlético Madrid,34.0,1.0,2,74.4,5.0,2.0,40.0,0.0,
12,Valencia,2020-12-07,Visitante,E,0.0,0.0,Eibar,37.0,0.0,0,51.6,5.0,4.0,80.0,0.0,
13,Valencia,2020-12-12,Em casa,E,2.0,2.0,Athletic Club,41.0,4.0,0,68.2,10.0,1.0,10.0,100.0,
14,Valencia,2020-12-19,Visitante,E,2.0,2.0,Barcelona,29.0,4.0,3,73.5,11.0,4.0,36.4,50.0,
15,Valencia,2020-12-22,Em casa,D,0.0,1.0,Sevilla,31.0,1.0,3,68.9,10.0,4.0,40.0,0.0,
16,Valencia,2020-12-30,Visitante,D,1.0,2.0,Granada,46.0,3.0,6,74.1,15.0,6.0,40.0,17.0,
17,Valencia,2021-01-04,Em casa,E,1.0,1.0,Cádiz,71.0,2.0,9,84.6,12.0,4.0,33.3,25.0,
18,Valencia,2021-01-10,Visitante,V,1.0,0.0,Valladolid,57.0,1.0,4,78.9,17.0,6.0,35.3,17.0,
19,Valencia,2021-01-21,Em casa,E,1.0,1.0,Osasuna,64.0,2.0,9,82.4,11.0,3.0,27.3,0.0,
20,Valencia,2021-01-24,Visitante,D,1.0,3.0,Atlético Madrid,51.0,4.0,7,80.7,8.0,4.0,50.0,25.0,
21,Valencia,2021-01-30,Em casa,V,1.0,0.0,Elche,46.0,1.0,4,77.7,13.0,2.0,15.4,50.0,
22,Valencia,2021-02-07,Visitante,E,1.0,1.0,Athletic Club,51.0,2.0,6,79.3,15.0,2.0,13.3,50.0,
23,Valencia,2021-02-14,Visitante,D,0.0,2.0,Real Madrid,39.0,2.0,1,84.6,4.0,1.0,25.0,0.0,
24,Valencia,2021-02-20,Em casa,V,2.0,0.0,Celta Vigo,57.0,2.0,6,82.0,9.0,3.0,33.3,67.0,
25,Valencia,2021-02-27,Visitante,D,0.0,3.0,Getafe,58.0,3.0,6,71.0,,,,,
26,Valencia,2021-03-05,Em casa,V,2.0,1.0,Villarreal,52.0,3.0,5,84.3,25.0,4.0,16.0,25.0,
1,Cádiz,2020-09-12,Em casa,D,0.0,2.0,Osasuna,53.0,2.0,6,67.7,12.0,3.0,25.0,0.0,https://d2p3bygnnzw9w3.cloudfront.net/req/202103021/tlogo/fb/ee7c297c.png
2,Cádiz,2020-09-20,Visitante,V,2.0,0.0,Huesca,30.0,2.0,1,63.2,6.0,4.0,66.7,50.0,
3,Cádiz,2020-09-27,Em casa,D,1.0,3.0,Sevilla,25.0,4.0,6,64.5,11.0,5.0,45.5,20.0,
4,Cádiz,2020-10-01,Visitante,V,1.0,0.0,Athletic Club,28.0,1.0,2,60.4,3.0,1.0,33.3,0.0,
5,Cádiz,2020-10-04,Em casa,E,1.0,1.0,Granada,42.0,2.0,2,72.6,14.0,3.0,21.4,33.0,
6,Cádiz,2020-10-17,Visitante,V,1.0,0.0,Real Madrid,26.0,1.0,11,54.5,14.0,4.0,28.6,25.0,
7,Cádiz,2020-10-25,Em casa,E,0.0,0.0,Villarreal,25.0,0.0,0,63.2,5.0,1.0,20.0,0.0,
8,Cádiz,2020-10-30,Visitante,V,2.0,0.0,Eibar,27.0,2.0,2,49.6,6.0,4.0,66.7,50.0,
9,Cádiz,2020-11-07,Visitante,D,0.0,4.0,Atlético Madrid,33.0,4.0,7,71.7,10.0,3.0,30.0,0.0,
10,Cádiz,2020-11-22,Em casa,D,0.0,1.0,Real Sociedad,33.0,1.0,1,59.9,,,,,
11,Cádiz,2020-11-28,Visitante,E,1.0,1.0,Elche,53.0,2.0,9,78.3,6.0,2.0,33.3,50.0,
12,Cádiz,2020-12-05,Em casa,V,2.0,1.0,Barcelona,18.0,3.0,5,60.6,8.0,3.0,37.5,67.0,
13,Cádiz,2020-12-14,Visitante,D,0.0,4.0,Celta Vigo,40.0,4.0,5,74.2,12.0,2.0,16.7,0.0,
14,Cádiz,2020-12-20,Em casa,D,0.0,2.0,Getafe,63.0,2.0,2,80.5,8.0,1.0,12.5,0.0,
15,Cádiz,2020-12-23,Visitante,D,0.0,1.0,Betis,29.0,1.0,5,54.6,6.0,3.0,50.0,0.0,
16,Cádiz,2020-12-29,Em casa,E,0.0,0.0,Valladolid,38.0,0.0,1,65.9,8.0,3.0,37.5,0.0,
17,Cádiz,2021-01-04,Visitante,E,1.0,1.0,Valencia,29.0,2.0,7,60.5,9.0,2.0,22.2,50.0,
18,Cádiz,2021-01-10,Em casa,V,3.0,1.0,Alavés,41.0,4.0,4,65.9,10.0,7.0,70.0,43.0,
19,Cádiz,2021-01-19,Em casa,E,2.0,2.0,Levante,32.0,4.0,5,69.1,9.0,2.0,22.2,100.0,
20,Cádiz,2021-01-23,Visitante,D,0.0,3.0,Sevilla,22.0,3.0,6,54.5,9.0,3.0,33.3,0.0,
21,Cádiz,2021-01-31,Em casa,D,2.0,4.0,Atlético Madrid,49.0,6.0,2,81.3,11.0,6.0,54.5,33.0,
22,Cádiz,2021-02-07,Visitante,D,1.0,4.0,Real Sociedad,26.0,5.0,1,70.4,2.0,1.0,50.0,100.0,
23,Cádiz,2021-02-15,Em casa,D,0.0,4.0,Athletic Club,42.0,4.0,5,73.1,11.0,2.0,18.2,0.0,
24,Cádiz,2021-02-21,Visitante,E,1.0,1.0,Barcelona,19.0,2.0,0,57.9,,,,,
25,Cádiz,2021-02-28,Em casa,D,0.0,1.0,Betis,36.0,1.0,3,68.3,5.0,3.0,60.0,0.0,
1,Eibar,2020-09-12,Em casa,E,0.0,0.0,Celta Vigo,49.0,0.0,3,55.3,8,1,12.5,0,https://d2p3bygnnzw9w3.cloudfront.net/req/202103021/tlogo/fb/bea5c710.png
2,Eibar,2020-09-19,Visitante,D,1.0,2.0,Villarreal,44.0,3.0,3,66.3,12,4,33.3,25,
3,Eibar,2020-09-27,Em casa,D,1.0,2.0,Athletic Club,50.0,3.0,5,63.0,7,1,14.3,100,
4,Eibar,2020-09-30,Em casa,D,0.0,1.0,Elche,62.0,1.0,3,79.1,12,5,41.7,0,
5,Eibar,2020-10-03,Visitante,V,2.0,1.0,Valladolid,47.0,3.0,4,62.5,10,4,40.0,25,
6,Eibar,2020-10-18,Em casa,E,0.0,0.0,Osasuna,53.0,0.0,6,61.8,10,6,60.0,0,
7,Eibar,2020-10-24,Visitante,V,1.0,0.0,Sevilla,30.0,1.0,3,68.4,3,1,33.3,100,
8,Eibar,2020-10-30,Em casa,D,0.0,2.0,Cádiz,73.0,2.0,7,78.7,9,3,33.3,0,
9,Eibar,2020-11-07,Visitante,E,1.0,1.0,Huesca,41.0,2.0,3,71.0,8,3,37.5,33,
10,Eibar,2020-11-22,Em casa,E,0.0,0.0,Getafe,46.0,0.0,3,58.7,14,4,28.6,0,
11,Eibar,2020-11-30,Visitante,V,2.0,0.0,Betis,36.0,2.0,2,58.7,9,4,44.4,25,
12,Eibar,2020-12-07,Em casa,E,0.0,0.0,Valencia,63.0,0.0,8,74.6,19,3,15.8,0,
13,Eibar,2020-12-13,Visitante,E,1.0,1.0,Real Sociedad,53.0,2.0,4,68.6,16,4,25.0,25,
14,Eibar,2020-12-20,Em casa,D,1.0,3.0,Real Madrid,34.0,4.0,4,68.8,10,3,30.0,33,
15,Eibar,2020-12-23,Visitante,D,1.0,2.0,Alavés,55.0,3.0,6,70.2,8,4,50.0,25,
16,Eibar,2020-12-29,Visitante,E,1.0,1.0,Barcelona,28.0,2.0,7,61.1,9,3,33.3,33,
17,Eibar,2021-01-03,Em casa,V,2.0,0.0,Granada,57.0,2.0,4,59.3,14,6,42.9,33,
18,Eibar,2021-01-10,Visitante,D,1.0,2.0,Levante,48.0,3.0,9,68.7,17,4,23.5,25,
19,Eibar,2021-01-21,Em casa,D,1.0,2.0,Atlético Madrid,37.0,3.0,3,56.6,11,2,18.2,0,
20,Eibar,2021-01-24,Visitante,E,1.0,1.0,Celta Vigo,45.0,2.0,6,71.3,8,2,25.0,50,
21,Eibar,2021-01-30,Em casa,D,0.0,2.0,Sevilla,48.0,2.0,6,75.0,17,6,35.3,0,
22,Eibar,2021-02-07,Visitante,D,1.0,2.0,Osasuna,49.0,3.0,1,67.5,12,2,16.7,50,
23,Eibar,2021-02-13,Em casa,E,1.0,1.0,Valladolid,55.0,2.0,7,67.1,14,2,14.3,50,
24,Eibar,2021-02-20,Visitante,D,0.0,1.0,Elche,53.0,1.0,4,70.3,13,4,30.8,0,
25,Eibar,2021-02-27,Em casa,E,1.0,1.0,Huesca,53.0,2.0,6,78.1,17,3,17.6,33,
1,Valladolid,2020-09-13,Em casa,E,1.0,1.0,Real Sociedad,40.0,2.0,5,67.3,8.0,2.0,25.0,50.0,https://d2p3bygnnzw9w3.cloudfront.net/req/202103021/tlogo/fb/17859612.png
2,Valladolid,2020-09-20,Visitante,D,0.0,2.0,Betis,44.0,2.0,3,73.3,9.0,2.0,22.2,0.0,
3,Valladolid,2020-09-27,Em casa,E,1.0,1.0,Celta Vigo,53.0,2.0,4,72.6,9.0,3.0,33.3,0.0,
4,Valladolid,2020-09-30,Visitante,D,0.0,1.0,Real Madrid,38.0,1.0,7,76.4,11.0,5.0,45.5,0.0,
5,Valladolid,2020-10-03,Em casa,D,1.0,2.0,Eibar,53.0,3.0,3,69.6,7.0,2.0,28.6,50.0,
6,Valladolid,2020-10-18,Visitante,E,2.0,2.0,Huesca,36.0,4.0,1,66.2,4.0,2.0,50.0,50.0,
7,Valladolid,2020-10-25,Em casa,D,0.0,2.0,Alavés,44.0,2.0,2,71.8,5.0,1.0,20.0,0.0,
8,Valladolid,2020-11-02,Visitante,D,0.0,2.0,Villarreal,41.0,2.0,4,73.4,11.0,1.0,9.1,0.0,
9,Valladolid,2020-11-08,Em casa,V,2.0,1.0,Athletic Club,31.0,3.0,2,64.5,5.0,3.0,60.0,33.0,
10,Valladolid,2020-11-22,Visitante,V,3.0,1.0,Granada,41.0,4.0,2,64.6,9.0,3.0,33.3,100.0,
11,Valladolid,2020-11-27,Em casa,E,1.0,1.0,Levante,36.0,2.0,3,66.1,9.0,4.0,44.4,25.0,
12,Valladolid,2020-12-05,Visitante,D,0.0,2.0,Atlético Madrid,47.0,2.0,4,80.4,13.0,3.0,23.1,0.0,
13,Valladolid,2020-12-11,Em casa,V,3.0,2.0,Osasuna,48.0,5.0,3,71.3,10.0,5.0,50.0,40.0,
14,Valladolid,2020-12-19,Visitante,E,1.0,1.0,Sevilla,41.0,2.0,7,73.1,12.0,5.0,41.7,20.0,
15,Valladolid,2020-12-22,Em casa,D,0.0,3.0,Barcelona,40.0,3.0,4,82.4,12.0,5.0,41.7,0.0,
16,Valladolid,2020-12-29,Visitante,E,0.0,0.0,Cádiz,62.0,0.0,6,78.9,7.0,1.0,14.3,0.0,
17,Valladolid,2021-01-02,Visitante,V,1.0,0.0,Getafe,46.0,1.0,9,65.7,9.0,2.0,22.2,50.0,
18,Valladolid,2021-01-10,Em casa,D,0.0,1.0,Valencia,43.0,1.0,0,74.0,11.0,4.0,36.4,0.0,
19,Valladolid,2021-01-19,Em casa,E,2.0,2.0,Elche,62.0,4.0,4,83.7,13.0,2.0,15.4,100.0,
20,Valladolid,2021-01-22,Visitante,E,2.0,2.0,Levante,43.0,4.0,2,72.8,7.0,3.0,42.9,67.0,
21,Valladolid,2021-01-29,Em casa,D,1.0,3.0,Huesca,54.0,4.0,6,81.6,14.0,4.0,28.6,25.0,
22,Valladolid,2021-02-05,Visitante,D,0.0,1.0,Alavés,47.0,1.0,1,69.7,3.0,1.0,33.3,0.0,
23,Valladolid,2021-02-13,Visitante,E,1.0,1.0,Eibar,45.0,2.0,0,62.1,,,,,
24,Valladolid,2021-02-20,Em casa,D,0.0,1.0,Real Madrid,36.0,1.0,4,71.9,9.0,5.0,55.6,0.0,
25,Valladolid,2021-02-28,Visitante,E,1.0,1.0,Celta Vigo,34.0,2.0,5,65.3,7.0,3.0,42.9,33.0,
1,Alavés,2020-09-13,Em casa,D,0.0,1.0,Betis,43.0,1.0,6,72.8,6.0,2.0,33.3,0.0,https://d2p3bygnnzw9w3.cloudfront.net/req/202103021/tlogo/fb/8d6fd021.png
2,Alavés,2020-09-20,Visitante,D,1.0,2.0,Granada,45.0,3.0,4,65.7,5.0,3.0,60.0,33.0,
3,Alavés,2020-09-26,Em casa,E,0.0,0.0,Getafe,47.0,0.0,1,58.4,,,,,
4,Alavés,2020-09-30,Visitante,D,1.0,3.0,Villarreal,41.0,4.0,0,75.8,8.0,3.0,37.5,33.0,
5,Alavés,2020-10-04,Em casa,V,1.0,0.0,Athletic Club,39.0,1.0,0,66.0,8.0,4.0,50.0,25.0,
6,Alavés,2020-10-18,Em casa,D,0.0,2.0,Elche,47.0,2.0,2,79.1,14.0,2.0,14.3,0.0,
7,Alavés,2020-10-25,Visitante,V,2.0,0.0,Valladolid,56.0,2.0,4,77.3,13.0,3.0,23.1,67.0,
8,Alavés,2020-10-31,Em casa,E,1.0,1.0,Barcelona,21.0,2.0,2,64.7,4.0,3.0,75.0,33.0,
9,Alavés,2020-11-08,Visitante,E,1.0,1.0,Levante,29.0,2.0,1,65.1,6.0,2.0,33.3,50.0,
10,Alavés,2020-11-22,Em casa,E,2.0,2.0,Valencia,34.0,4.0,4,68.1,12.0,2.0,16.7,50.0,
11,Alavés,2020-11-28,Visitante,V,2.0,1.0,Real Madrid,33.0,3.0,9,76.3,10.0,5.0,50.0,20.0,
12,Alavés,2020-12-06,Em casa,E,0.0,0.0,Real Sociedad,33.0,0.0,2,66.8,5.0,1.0,20.0,0.0,
13,Alavés,2020-12-12,Visitante,D,0.0,1.0,Huesca,35.0,1.0,2,64.8,3.0,1.0,33.3,0.0,
14,Alavés,2020-12-20,Visitante,D,0.0,2.0,Celta Vigo,45.0,2.0,5,71.7,8.0,2.0,25.0,0.0,
15,Alavés,2020-12-23,Em casa,V,2.0,1.0,Eibar,45.0,3.0,2,63.4,13.0,3.0,23.1,67.0,
16,Alavés,2020-12-31,Visitante,E,1.0,1.0,Osasuna,67.0,2.0,4,78.1,,,,,
17,Alavés,2021-01-03,Em casa,D,1.0,2.0,Atlético Madrid,41.0,3.0,1,73.6,4.0,1.0,25.0,0.0,
18,Alavés,2021-01-10,Visitante,D,1.0,3.0,Cádiz,59.0,4.0,1,78.9,4.0,1.0,25.0,0.0,
19,Alavés,2021-01-19,Em casa,D,1.0,2.0,Sevilla,39.0,3.0,3,68.3,11.0,2.0,18.2,50.0,
20,Alavés,2021-01-23,Em casa,D,1.0,4.0,Real Madrid,40.0,5.0,4,80.7,13.0,5.0,38.5,20.0,
21,Alavés,2021-01-31,Visitante,E,0.0,0.0,Getafe,42.0,0.0,2,54.2,5.0,1.0,20.0,0.0,
22,Alavés,2021-02-05,Em casa,V,1.0,0.0,Valladolid,53.0,1.0,11,72.1,19.0,5.0,26.3,20.0,
23,Alavés,2021-02-13,Visitante,D,1.0,5.0,Barcelona,26.0,6.0,4,73.5,6.0,2.0,33.3,50.0,
24,Alavés,2021-02-21,Visitante,D,0.0,4.0,Real Sociedad,36.0,4.0,3,71.8,7.0,2.0,28.6,0.0,
25,Alavés,2021-02-27,Em casa,D,0.0,1.0,Osasuna,52.0,1.0,5,70.9,4.0,1.0,25.0,0.0,
1,Elche,2021-02-24,Visitante,D,0.0,3.0,Barcelona,35.0,3.0,3,84.1,6.0,1.0,16.7,0.0,https://d2p3bygnnzw9w3.cloudfront.net/req/202103021/tlogo/fb/6c8b07df.png
3,Elche,2020-09-26,Em casa,D,0.0,3.0,Real Sociedad,40.0,3.0,2,74.7,5.0,2.0,40.0,0.0,
4,Elche,2020-09-30,Visitante,V,1.0,0.0,Eibar,38.0,1.0,2,69.0,5.0,2.0,40.0,50.0,
5,Elche,2020-10-03,Em casa,E,0.0,0.0,Huesca,51.0,0.0,0,84.7,,,,,
6,Elche,2020-10-18,Visitante,V,2.0,0.0,Alavés,53.0,2.0,5,79.2,7.0,3.0,42.9,67.0,
7,Elche,2020-10-23,Em casa,V,2.0,1.0,Valencia,48.0,3.0,0,81.1,3.0,2.0,66.7,100.0,
8,Elche,2020-11-01,Visitante,D,1.0,3.0,Betis,40.0,4.0,1,86.8,4.0,2.0,50.0,50.0,
9,Elche,2020-11-06,Em casa,E,1.0,1.0,Celta Vigo,52.0,2.0,3,81.2,,,,,
10,Elche,2020-11-21,Visitante,E,1.0,1.0,Levante,56.0,2.0,4,82.8,11.0,5.0,45.5,20.0,
11,Elche,2020-11-28,Em casa,E,1.0,1.0,Cádiz,47.0,2.0,1,81.4,4.0,3.0,75.0,33.0,
12,Elche,2020-12-06,Visitante,E,0.0,0.0,Villarreal,44.0,0.0,0,81.7,,,,,
13,Elche,2020-12-13,Em casa,D,0.0,1.0,Granada,66.0,1.0,6,83.9,9.0,1.0,11.1,0.0,
14,Elche,2020-12-19,Visitante,D,1.0,3.0,Atlético Madrid,52.0,4.0,4,89.2,8.0,3.0,37.5,33.0,
15,Elche,2020-12-22,Em casa,E,2.0,2.0,Osasuna,65.0,4.0,4,86.5,7.0,2.0,28.6,100.0,
16,Elche,2020-12-30,Em casa,E,1.0,1.0,Real Madrid,32.0,2.0,2,80.7,5.0,2.0,40.0,0.0,
17,Elche,2021-01-03,Visitante,D,0.0,1.0,Athletic Club,51.0,1.0,4,81.9,5.0,1.0,20.0,0.0,
18,Elche,2021-01-11,Em casa,D,1.0,3.0,Getafe,47.0,4.0,1,80.3,7.0,4.0,57.1,25.0,
19,Elche,2021-01-19,Visitante,E,2.0,2.0,Valladolid,38.0,4.0,5,77.6,9.0,3.0,33.3,67.0,
20,Elche,2021-01-24,Em casa,D,0.0,2.0,Barcelona,35.0,2.0,0,82.2,4.0,2.0,50.0,0.0,
21,Elche,2021-01-30,Visitante,D,0.0,1.0,Valencia,54.0,1.0,10,79.1,10.0,1.0,10.0,0.0,
22,Elche,2021-02-06,Em casa,E,2.0,2.0,Villarreal,46.0,4.0,4,81.0,8.0,2.0,25.0,100.0,
23,Elche,2021-02-12,Visitante,D,1.0,3.0,Celta Vigo,50.0,4.0,6,76.8,8.0,2.0,25.0,50.0,
24,Elche,2021-02-20,Em casa,V,1.0,0.0,Eibar,47.0,1.0,1,73.4,6.0,2.0,33.3,50.0,
25,Elche,2021-02-28,Visitante,D,1.0,2.0,Granada,55.0,3.0,5,71.5,12.0,4.0,33.3,25.0,
1,Huesca,2020-09-13,Visitante,E,1.0,1.0,Villarreal,35.0,2.0,6,69.1,11.0,3.0,27.3,33.0,https://d2p3bygnnzw9w3.cloudfront.net/req/202103021/tlogo/fb/c6c493e6.png
2,Huesca,2020-09-20,Em casa,D,0.0,2.0,Cádiz,70.0,2.0,2,85.2,,,,,
3,Huesca,2020-09-26,Visitante,E,1.0,1.0,Valencia,53.0,2.0,4,79.0,17.0,5.0,29.4,20.0,
4,Huesca,2020-09-30,Em casa,E,0.0,0.0,Atlético Madrid,37.0,0.0,5,74.4,9.0,3.0,33.3,0.0,
5,Huesca,2020-10-03,Visitante,E,0.0,0.0,Elche,49.0,0.0,5,82.9,18.0,4.0,22.2,0.0,
6,Huesca,2020-10-18,Em casa,E,2.0,2.0,Valladolid,64.0,4.0,3,81.4,12.0,7.0,58.3,29.0,
7,Huesca,2020-10-25,Visitante,D,1.0,4.0,Real Sociedad,49.0,5.0,5,76.8,7.0,4.0,57.1,25.0,
8,Huesca,2020-10-31,Visitante,D,1.0,4.0,Real Madrid,40.0,5.0,3,83.5,9.0,2.0,22.2,50.0,
9,Huesca,2020-11-07,Em casa,E,1.0,1.0,Eibar,59.0,2.0,4,77.6,15.0,5.0,33.3,20.0,
10,Huesca,2020-11-20,Visitante,E,1.0,1.0,Osasuna,45.0,2.0,3,70.4,6.0,5.0,83.3,20.0,
11,Huesca,2020-11-28,Em casa,D,0.0,1.0,Sevilla,34.0,1.0,1,69.2,5.0,1.0,20.0,0.0,
12,Huesca,2020-12-06,Visitante,E,3.0,3.0,Granada,52.0,6.0,2,81.5,16.0,7.0,43.8,43.0,
13,Huesca,2020-12-12,Em casa,V,1.0,0.0,Alavés,65.0,1.0,5,82.5,11.0,3.0,27.3,33.0,
14,Huesca,2020-12-18,Visitante,D,0.0,2.0,Athletic Club,46.0,2.0,5,79.3,6.0,1.0,16.7,0.0,
15,Huesca,2020-12-22,Em casa,E,1.0,1.0,Levante,54.0,2.0,10,79.8,10.0,1.0,10.0,0.0,
16,Huesca,2020-12-30,Visitante,D,1.0,2.0,Celta Vigo,43.0,3.0,5,80.1,16.0,6.0,37.5,17.0,
17,Huesca,2021-01-03,Em casa,D,0.0,1.0,Barcelona,31.0,1.0,2,81.9,4.0,4.0,100.0,0.0,
18,Huesca,2021-01-11,Em casa,D,0.0,2.0,Betis,49.0,2.0,3,78.3,10.0,3.0,30.0,0.0,
19,Huesca,2021-01-20,Visitante,D,0.0,1.0,Getafe,53.0,1.0,8,75.2,15.0,3.0,20.0,0.0,
20,Huesca,2021-01-23,Em casa,E,0.0,0.0,Villarreal,44.0,0.0,1,77.6,5.0,1.0,20.0,0.0,
21,Huesca,2021-01-29,Visitante,V,3.0,1.0,Valladolid,46.0,4.0,7,75.8,11.0,5.0,45.5,60.0,
22,Huesca,2021-02-06,Em casa,D,1.0,2.0,Real Madrid,35.0,3.0,3,76.0,12.0,2.0,16.7,50.0,
23,Huesca,2021-02-13,Visitante,D,0.0,1.0,Sevilla,35.0,1.0,6,68.8,9.0,5.0,55.6,0.0,
24,Huesca,2021-02-21,Em casa,V,3.0,2.0,Granada,59.0,5.0,5,77.0,14.0,6.0,42.9,33.0,
25,Huesca,2021-02-27,Visitante,E,1.0,1.0,Eibar,47.0,2.0,2,69.5,4.0,1.0,25.0,100.0,
