,clube,data,rodada,local,resultado,gols_marcados,gols_sofridos,oponente,posse,gols_partida,escanteios,passes_certos_%,total_chutes,chutes_a_gol_%,chutes_por_gol,cartoes_amarelos,cartoes_vermelhos,faltas_cometidas,cartoes_total,chutes_contra_o_gol,defesas_%,sem_vazamento,escudo
0,Bayern Munich,2021-03-13,25,Visitante,V,3.0,1.0,Werder Bremen,56.0,4.0,8,86.1,19,26.3,6.333333333333333,0,0,10,0,4,75.0,0,https://d2p3bygnnzw9w3.cloudfront.net/req/202103121/tlogo/fb/054efa67.png
1,Bayern Munich,2021-03-06,24,Em casa,V,4.0,2.0,Dortmund,66.0,6.0,6,86.3,27,29.6,6.75,1,0,9,1,3,33.3,0,
2,Bayern Munich,2021-02-27,23,Em casa,V,5.0,1.0,Köln,55.0,6.0,4,88.1,14,50.0,2.8,2,0,9,2,3,66.7,0,
3,Bayern Munich,2021-02-20,22,Visitante,D,1.0,2.0,Eint Frankfurt,59.0,3.0,10,80.4,22,27.3,22.0,0,0,7,0,4,50.0,0,
4,Bayern Munich,2021-02-15,21,Em casa,E,3.0,3.0,Arminia,64.0,6.0,5,83.9,19,63.2,6.333333333333333,1,0,7,1,3,0.0,0,
5,Bayern Munich,2021-02-05,20,Visitante,V,1.0,0.0,Hertha BSC,62.0,1.0,11,83.3,13,38.5,13.0,1,0,16,1,7,100.0,1,
6,Bayern Munich,2021-01-30,19,Em casa,V,4.0,1.0,Hoffenheim,61.0,5.0,11,83.4,15,60.0,3.75,1,0,13,1,5,80.0,0,
7,Bayern Munich,2021-01-24,18,Visitante,V,4.0,0.0,Schalke 04,59.0,4.0,7,86.2,28,42.9,7.0,1,0,9,1,4,100.0,1,
8,Bayern Munich,2021-01-20,17,Visitante,V,1.0,0.0,Augsburg,61.0,1.0,7,85.7,12,25.0,12.0,0,0,12,0,0,,1,
9,Bayern Munich,2021-01-17,16,Em casa,V,2.0,1.0,Freiburg,59.0,3.0,14,85.6,25,36.0,12.5,1,0,4,1,3,66.7,0,
10,Bayern Munich,2021-01-08,15,Visitante,D,2.0,3.0,M'Gladbach,67.0,5.0,8,86.6,15,13.3,7.5,1,0,11,1,4,25.0,0,
11,Bayern Munich,2021-01-03,14,Em casa,V,5.0,2.0,Mainz 05,73.0,7.0,10,87.4,17,64.7,3.4,2,0,12,2,6,66.7,0,
12,Bayern Munich,2020-12-19,13,Visitante,V,2.0,1.0,Leverkusen,49.0,3.0,7,78.5,14,21.4,7.0,1,0,7,1,3,66.7,0,
13,Bayern Munich,2020-12-16,12,Em casa,V,2.0,1.0,Wolfsburg,58.0,3.0,7,81.4,11,18.2,5.5,3,0,18,3,6,83.3,0,
14,Bayern Munich,2020-12-12,11,Visitante,E,1.0,1.0,Union Berlin,67.0,2.0,7,81.3,12,41.7,12.0,2,0,10,2,5,80.0,0,
15,Bayern Munich,2020-12-05,10,Em casa,E,3.0,3.0,RB Leipzig,61.0,6.0,10,78.9,9,55.6,3.0,0,0,5,0,4,25.0,0,
16,Bayern Munich,2020-11-28, 9,Visitante,V,3.0,1.0,Stuttgart,57.0,4.0,3,81.0,13,46.2,4.333333333333333,0,0,12,0,5,80.0,0,
17,Bayern Munich,2020-11-21, 8,Em casa,E,1.0,1.0,Werder Bremen,70.0,2.0,7,85.3,16,12.5,16.0,1,0,10,1,4,75.0,0,
18,Bayern Munich,2020-11-07, 7,Visitante,V,3.0,2.0,Dortmund,49.0,5.0,3,77.7,15,46.7,5.0,2,0,10,2,5,60.0,0,
19,Bayern Munich,2020-10-31, 6,Visitante,V,2.0,1.0,Köln,62.0,3.0,1,85.1,4,75.0,2.0,2,0,13,2,2,50.0,0,
20,Bayern Munich,2020-10-24, 5,Em casa,V,5.0,0.0,Eint Frankfurt,61.0,5.0,10,85.6,20,45.0,4.0,3,0,11,3,2,100.0,1,
21,Bayern Munich,2020-10-17, 4,Visitante,V,4.0,1.0,Arminia,65.0,5.0,10,88.1,18,55.6,4.5,0,1,5,1,5,80.0,0,
22,Bayern Munich,2020-10-04, 3,Em casa,V,4.0,3.0,Hertha BSC,65.0,7.0,6,83.3,21,38.1,5.25,3,0,12,3,5,40.0,0,
23,Bayern Munich,2020-09-27, 2,Visitante,D,1.0,4.0,Hoffenheim,71.0,5.0,5,84.0,16,18.8,16.0,2,0,13,2,7,57.1,0,
24,Bayern Munich,2020-09-18, 1,Em casa,V,8.0,0.0,Schalke 04,63.0,8.0,9,87.5,20,50.0,2.5,1,0,13,1,1,100.0,1,
0,RB Leipzig,2021-03-14,25,Em casa,E,1.0,1.0,Eint Frankfurt,57.0,2.0,4.0,77.2,14,57.1,14.0,2,0,14,2,2,50.0,0,https://d2p3bygnnzw9w3.cloudfront.net/req/202103121/tlogo/fb/acbb6a5b.png
1,RB Leipzig,2021-03-06,24,Visitante,V,3.0,0.0,Freiburg,58.0,3.0,2.0,80.7,13,53.8,4.333333333333333,1,0,13,1,1,100.0,1,
2,RB Leipzig,2021-02-27,23,Em casa,V,3.0,2.0,M'Gladbach,66.0,5.0,3.0,81.2,21,42.9,7.0,2,0,20,2,1,0.0,0,
3,RB Leipzig,2021-02-21,22,Visitante,V,3.0,0.0,Hertha BSC,52.0,3.0,4.0,80.7,14,42.9,4.666666666666667,1,0,9,1,4,100.0,1,
4,RB Leipzig,2021-02-12,21,Em casa,V,2.0,1.0,Augsburg,60.0,3.0,3.0,82.5,15,33.3,7.5,3,0,23,3,1,100.0,0,
5,RB Leipzig,2021-02-06,20,Visitante,V,3.0,0.0,Schalke 04,65.0,3.0,7.0,82.8,25,40.0,8.333333333333334,1,0,17,1,1,100.0,1,
6,RB Leipzig,2021-01-30,19,Em casa,V,1.0,0.0,Leverkusen,46.0,1.0,6.0,76.0,16,12.5,16.0,2,0,12,2,3,100.0,1,
7,RB Leipzig,2021-01-23,18,Visitante,D,2.0,3.0,Mainz 05,67.0,5.0,9.0,82.3,13,38.5,6.5,4,0,18,4,4,25.0,0,
8,RB Leipzig,2021-01-20,17,Em casa,V,1.0,0.0,Union Berlin,67.0,1.0,5.0,88.1,16,25.0,16.0,1,0,6,1,1,100.0,1,
9,RB Leipzig,2021-01-16,16,Visitante,E,2.0,2.0,Wolfsburg,52.0,4.0,6.0,77.6,12,66.7,6.0,3,0,10,3,2,0.0,0,
10,RB Leipzig,2021-01-09,15,Em casa,D,1.0,3.0,Dortmund,55.0,4.0,3.0,80.1,12,33.3,12.0,0,0,8,0,6,50.0,0,
11,RB Leipzig,2021-01-02,14,Visitante,V,1.0,0.0,Stuttgart,55.0,1.0,6.0,81.8,21,33.3,21.0,1,0,13,1,1,100.0,1,
12,RB Leipzig,2020-12-19,13,Em casa,E,0.0,0.0,Köln,63.0,0.0,8.0,83.4,19,31.6,0.0,1,0,12,1,1,100.0,1,
13,RB Leipzig,2020-12-16,12,Visitante,V,1.0,0.0,Hoffenheim,55.0,1.0,5.0,78.8,4,75.0,4.0,0,0,15,0,3,100.0,1,
14,RB Leipzig,2020-12-12,11,Em casa,V,2.0,0.0,Werder Bremen,55.0,2.0,1.0,85.5,14,42.9,7.0,3,0,20,3,2,100.0,1,
15,RB Leipzig,2020-12-05,10,Visitante,E,3.0,3.0,Bayern Munich,39.0,6.0,2.0,73.2,7,57.1,2.3333333333333335,1,0,9,1,5,40.0,0,
16,RB Leipzig,2020-11-28, 9,Em casa,V,2.0,1.0,Arminia,57.0,3.0,6.0,83.3,14,35.7,7.0,2,0,14,2,3,66.7,0,
17,RB Leipzig,2020-11-21, 8,Visitante,E,1.0,1.0,Eint Frankfurt,62.0,2.0,6.0,78.4,10,20.0,10.0,2,0,13,2,3,66.7,0,
18,RB Leipzig,2020-11-07, 7,Em casa,V,3.0,0.0,Freiburg,56.0,3.0,3.0,84.0,15,40.0,5.0,2,0,16,2,3,100.0,1,
19,RB Leipzig,2020-10-31, 6,Visitante,D,0.0,1.0,M'Gladbach,52.0,1.0,4.0,79.3,15,20.0,0.0,4,0,21,4,3,66.7,0,
20,RB Leipzig,2020-10-24, 5,Em casa,V,2.0,1.0,Hertha BSC,67.0,3.0,7.0,82.5,25,28.0,12.5,1,0,13,1,2,50.0,0,
21,RB Leipzig,2020-10-17, 4,Visitante,V,2.0,0.0,Augsburg,68.0,2.0,8.0,81.9,15,40.0,7.5,1,0,16,1,2,100.0,1,
22,RB Leipzig,2020-10-03, 3,Em casa,V,4.0,0.0,Schalke 04,67.0,4.0,8.0,88.4,21,28.6,5.25,1,0,14,1,1,100.0,1,
23,RB Leipzig,2020-09-26, 2,Visitante,E,1.0,1.0,Leverkusen,42.0,2.0,1.0,70.3,7,28.6,7.0,3,0,11,3,4,75.0,0,
24,RB Leipzig,2020-09-20, 1,Em casa,V,3.0,1.0,Mainz 05,72.0,4.0,7.0,89.2,21,38.1,7.0,1,0,5,1,1,0.0,0,
0,Wolfsburg,2021-03-13,25,Em casa,V,5.0,0.0,Schalke 04,53.0,5.0,3,79.8,16,43.8,3.2,0,0,14,0,1,100.0,1,https://d2p3bygnnzw9w3.cloudfront.net/req/202103121/tlogo/fb/4eaa11d7.png
1,Wolfsburg,2021-03-06,24,Visitante,D,1.0,2.0,Hoffenheim,60.0,3.0,6,79.4,19,31.6,19.0,4,1,14,5,4,50.0,0,
2,Wolfsburg,2021-02-27,23,Em casa,V,2.0,0.0,Hertha BSC,57.0,2.0,3,78.1,11,18.2,5.5,5,1,17,6,2,100.0,1,
3,Wolfsburg,2021-02-19,22,Visitante,V,3.0,0.0,Arminia,56.0,3.0,8,81.1,12,50.0,4.0,2,0,14,2,2,100.0,1,
4,Wolfsburg,2021-02-14,21,Em casa,E,0.0,0.0,M'Gladbach,55.0,0.0,9,78.3,17,35.3,0.0,1,0,11,1,3,100.0,1,
5,Wolfsburg,2021-02-06,20,Visitante,V,2.0,0.0,Augsburg,54.0,2.0,4,80.5,16,37.5,8.0,0,0,16,0,1,100.0,1,
6,Wolfsburg,2021-01-31,19,Em casa,V,3.0,0.0,Freiburg,45.0,3.0,5,75.6,12,41.7,4.0,0,0,15,0,2,100.0,1,
7,Wolfsburg,2021-01-23,18,Visitante,V,1.0,0.0,Leverkusen,36.0,1.0,2,67.0,8,50.0,8.0,1,0,7,1,3,100.0,1,
8,Wolfsburg,2021-01-19,17,Visitante,V,2.0,0.0,Mainz 05,62.0,2.0,5,75.8,9,22.2,4.5,2,0,19,2,0,,1,
9,Wolfsburg,2021-01-16,16,Em casa,E,2.0,2.0,RB Leipzig,48.0,4.0,6,73.0,10,20.0,5.0,4,0,18,4,8,75.0,0,
10,Wolfsburg,2021-01-09,15,Visitante,E,2.0,2.0,Union Berlin,53.0,4.0,3,77.0,9,44.4,4.5,1,1,13,2,6,66.7,0,
11,Wolfsburg,2021-01-03,14,Visitante,D,0.0,2.0,Dortmund,40.0,2.0,5,74.1,21,23.8,0.0,1,0,14,1,7,71.4,0,
12,Wolfsburg,2020-12-20,13,Em casa,V,1.0,0.0,Stuttgart,49.0,1.0,4,75.6,13,38.5,13.0,2,0,17,2,2,100.0,1,
13,Wolfsburg,2020-12-16,12,Visitante,D,1.0,2.0,Bayern Munich,42.0,3.0,7,74.9,17,35.3,17.0,1,0,21,1,2,0.0,0,
14,Wolfsburg,2020-12-11,11,Em casa,V,2.0,1.0,Eint Frankfurt,55.0,3.0,8,71.2,17,47.1,8.5,5,0,10,5,3,100.0,0,
15,Wolfsburg,2020-12-05,10,Visitante,E,2.0,2.0,Köln,60.0,4.0,8,81.6,16,37.5,8.0,1,0,11,1,3,33.3,0,
16,Wolfsburg,2020-11-27, 9,Em casa,V,5.0,3.0,Werder Bremen,61.0,8.0,0,85.5,13,46.2,2.6,2,0,17,2,4,25.0,0,
17,Wolfsburg,2020-11-21, 8,Visitante,V,2.0,0.0,Schalke 04,57.0,2.0,4,82.4,18,38.9,9.0,1,0,13,1,6,100.0,1,
18,Wolfsburg,2020-11-08, 7,Em casa,V,2.0,1.0,Hoffenheim,45.0,3.0,3,73.8,13,53.8,6.5,1,0,15,1,4,75.0,0,
19,Wolfsburg,2020-11-01, 6,Visitante,E,1.0,1.0,Hertha BSC,47.0,2.0,6,71.9,11,36.4,11.0,1,0,17,1,5,80.0,0,
20,Wolfsburg,2020-10-25, 5,Em casa,V,2.0,1.0,Arminia,48.0,3.0,4,79.1,14,28.6,7.0,2,0,14,2,1,0.0,0,
21,Wolfsburg,2020-10-17, 4,Visitante,E,1.0,1.0,M'Gladbach,53.0,2.0,4,74.5,13,38.5,13.0,2,0,15,2,1,100.0,0,
22,Wolfsburg,2020-10-04, 3,Em casa,E,0.0,0.0,Augsburg,63.0,0.0,12,81.4,18,27.8,0.0,0,0,7,0,1,100.0,1,
23,Wolfsburg,2020-09-27, 2,Visitante,E,1.0,1.0,Freiburg,48.0,2.0,1,77.8,8,25.0,8.0,3,0,15,3,7,85.7,0,
24,Wolfsburg,2020-09-20, 1,Em casa,E,0.0,0.0,Leverkusen,41.0,0.0,4,73.2,9,11.1,0.0,1,0,17,1,3,100.0,1,
0,Eint Frankfurt,2021-03-14,25,Visitante,E,1.0,1.0,RB Leipzig,43.0,2.0,3,73.9,5,40.0,5.0,3,0,22,3,8,87.5,0,https://d2p3bygnnzw9w3.cloudfront.net/req/202103121/tlogo/fb/f0ac8ee6.png
1,Eint Frankfurt,2021-03-06,24,Em casa,E,1.0,1.0,Stuttgart,58.0,2.0,13,77.4,20,35.0,20.0,2,0,23,2,1,0.0,0,
2,Eint Frankfurt,2021-02-26,23,Visitante,D,1.0,2.0,Werder Bremen,69.0,3.0,8,84.0,12,33.3,12.0,3,0,15,3,5,60.0,0,
3,Eint Frankfurt,2021-02-20,22,Em casa,V,2.0,1.0,Bayern Munich,41.0,3.0,6,72.6,12,33.3,6.0,2,0,12,2,6,83.3,0,
4,Eint Frankfurt,2021-02-14,21,Em casa,V,2.0,0.0,Köln,60.0,2.0,7,81.6,16,43.8,8.0,3,0,16,3,1,100.0,1,
5,Eint Frankfurt,2021-02-07,20,Visitante,V,3.0,1.0,Hoffenheim,53.0,4.0,7,83.5,9,55.6,3.0,3,0,13,3,1,0.0,0,
6,Eint Frankfurt,2021-01-30,19,Em casa,V,3.0,1.0,Hertha BSC,61.0,4.0,4,81.4,15,40.0,5.0,1,0,21,1,3,66.7,0,
7,Eint Frankfurt,2021-01-23,18,Visitante,V,5.0,1.0,Arminia,56.0,6.0,8,83.6,15,53.3,3.0,2,0,26,2,4,75.0,0,
8,Eint Frankfurt,2021-01-20,17,Visitante,E,2.0,2.0,Freiburg,62.0,4.0,5,76.0,13,23.1,6.5,3,0,17,3,4,50.0,0,
9,Eint Frankfurt,2021-01-17,16,Em casa,V,3.0,1.0,Schalke 04,68.0,4.0,8,85.5,17,58.8,5.666666666666667,0,0,9,0,1,0.0,0,
10,Eint Frankfurt,2021-01-09,15,Visitante,V,2.0,0.0,Mainz 05,59.0,2.0,7,74.6,12,41.7,6.0,1,0,17,1,1,100.0,1,
11,Eint Frankfurt,2021-01-02,14,Em casa,V,2.0,1.0,Leverkusen,35.0,3.0,2,69.1,11,36.4,5.5,0,0,10,0,2,50.0,0,
12,Eint Frankfurt,2020-12-19,13,Visitante,V,2.0,0.0,Augsburg,54.0,2.0,4,75.0,15,40.0,7.5,4,0,10,4,4,100.0,1,
13,Eint Frankfurt,2020-12-15,12,Em casa,E,3.0,3.0,M'Gladbach,40.0,6.0,4,64.6,9,22.2,3.0,6,1,18,7,3,33.3,0,
14,Eint Frankfurt,2020-12-11,11,Visitante,D,1.0,2.0,Wolfsburg,45.0,3.0,1,68.9,6,50.0,6.0,2,0,13,2,8,87.5,0,
15,Eint Frankfurt,2020-12-05,10,Em casa,E,1.0,1.0,Dortmund,43.0,2.0,6,70.4,9,11.1,9.0,6,0,20,6,5,80.0,0,
16,Eint Frankfurt,2020-11-28, 9,Visitante,E,3.0,3.0,Union Berlin,55.0,6.0,5,76.7,12,25.0,4.0,3,0,16,3,6,66.7,0,
17,Eint Frankfurt,2020-11-21, 8,Em casa,E,1.0,1.0,RB Leipzig,38.0,2.0,5,68.7,8,37.5,8.0,3,0,19,3,2,50.0,0,
18,Eint Frankfurt,2020-11-07, 7,Visitante,E,2.0,2.0,Stuttgart,59.0,4.0,8,80.1,17,41.2,8.5,4,0,18,4,4,75.0,0,
19,Eint Frankfurt,2020-10-31, 6,Em casa,E,1.0,1.0,Werder Bremen,71.0,2.0,5,83.1,15,33.3,15.0,1,0,14,1,4,75.0,0,
20,Eint Frankfurt,2020-10-24, 5,Visitante,D,0.0,5.0,Bayern Munich,39.0,5.0,3,74.5,8,25.0,0.0,0,0,14,0,9,44.4,0,
21,Eint Frankfurt,2020-10-18, 4,Visitante,E,1.0,1.0,Köln,59.0,2.0,8,74.9,15,20.0,15.0,2,0,21,2,5,80.0,0,
22,Eint Frankfurt,2020-10-03, 3,Em casa,V,2.0,1.0,Hoffenheim,52.0,3.0,5,77.3,14,42.9,7.0,2,0,13,2,3,66.7,0,
23,Eint Frankfurt,2020-09-25, 2,Visitante,V,3.0,1.0,Hertha BSC,44.0,4.0,3,74.7,10,20.0,3.3333333333333335,4,0,16,4,6,83.3,0,
24,Eint Frankfurt,2020-09-19, 1,Em casa,E,1.0,1.0,Arminia,63.0,2.0,14,78.4,18,33.3,18.0,2,0,17,2,4,75.0,0,
0,Dortmund,2021-03-13,25,Em casa,V,2.0,0.0,Hertha BSC,72.0,2.0,7,89.0,12,33.3,6.0,1,0,8,1,0,,1,https://d2p3bygnnzw9w3.cloudfront.net/req/202103121/tlogo/fb/add600ae.png
1,Dortmund,2021-03-06,24,Visitante,D,2.0,4.0,Bayern Munich,34.0,6.0,0,72.2,4,75.0,2.0,1,0,17,1,8,62.5,0,
2,Dortmund,2021-02-27,23,Em casa,V,3.0,0.0,Arminia,62.0,3.0,5,87.5,19,42.1,6.333333333333333,0,0,14,0,2,100.0,1,
3,Dortmund,2021-02-20,22,Visitante,V,4.0,0.0,Schalke 04,62.0,4.0,2,86.1,10,60.0,2.5,2,0,14,2,2,100.0,1,
4,Dortmund,2021-02-13,21,Em casa,E,2.0,2.0,Hoffenheim,53.0,4.0,1,79.2,7,42.9,3.5,2,0,22,2,6,66.7,0,
5,Dortmund,2021-02-06,20,Visitante,D,1.0,2.0,Freiburg,67.0,3.0,1,85.8,16,31.3,16.0,2,0,13,2,3,33.3,0,
6,Dortmund,2021-01-30,19,Em casa,V,3.0,1.0,Augsburg,66.0,4.0,10,85.3,14,35.7,4.666666666666667,0,0,12,0,1,0.0,0,
7,Dortmund,2021-01-22,18,Visitante,D,2.0,4.0,M'Gladbach,57.0,6.0,7,84.0,15,40.0,7.5,0,0,13,0,7,42.9,0,
8,Dortmund,2021-01-19,17,Visitante,D,1.0,2.0,Leverkusen,52.0,3.0,5,82.1,17,11.8,17.0,2,0,9,2,13,84.6,0,
9,Dortmund,2021-01-16,16,Em casa,E,1.0,1.0,Mainz 05,72.0,2.0,1,86.7,17,47.1,17.0,1,0,11,1,3,66.7,0,
10,Dortmund,2021-01-09,15,Visitante,V,3.0,1.0,RB Leipzig,45.0,4.0,3,79.7,15,40.0,5.0,2,0,14,2,4,75.0,0,
11,Dortmund,2021-01-03,14,Em casa,V,2.0,0.0,Wolfsburg,60.0,2.0,10,83.1,14,50.0,7.0,3,0,10,3,5,100.0,1,
12,Dortmund,2020-12-18,13,Visitante,D,1.0,2.0,Union Berlin,70.0,3.0,6,84.6,16,18.8,16.0,1,0,6,1,5,60.0,0,
13,Dortmund,2020-12-15,12,Visitante,V,2.0,1.0,Werder Bremen,54.0,3.0,4,82.1,14,57.1,7.0,2,0,16,2,3,66.7,0,
14,Dortmund,2020-12-12,11,Em casa,D,1.0,5.0,Stuttgart,71.0,6.0,8,86.6,12,33.3,12.0,2,0,14,2,9,55.6,0,
15,Dortmund,2020-12-05,10,Visitante,E,1.0,1.0,Eint Frankfurt,57.0,2.0,5,78.3,16,31.3,16.0,1,0,7,1,1,0.0,0,
16,Dortmund,2020-11-28, 9,Em casa,D,1.0,2.0,Köln,69.0,3.0,6,86.6,15,26.7,15.0,1,0,13,1,5,60.0,0,
17,Dortmund,2020-11-21, 8,Visitante,V,5.0,2.0,Hertha BSC,59.0,7.0,3,88.4,16,50.0,3.2,1,0,18,1,2,50.0,0,
18,Dortmund,2020-11-07, 7,Em casa,D,2.0,3.0,Bayern Munich,51.0,5.0,4,79.4,14,35.7,7.0,2,0,16,2,7,57.1,0,
19,Dortmund,2020-10-31, 6,Visitante,V,2.0,0.0,Arminia,73.0,2.0,12,86.0,21,47.6,10.5,1,0,13,1,2,100.0,1,
20,Dortmund,2020-10-24, 5,Em casa,V,3.0,0.0,Schalke 04,73.0,3.0,7,88.9,17,41.2,5.666666666666667,0,0,5,0,0,,1,
21,Dortmund,2020-10-17, 4,Visitante,V,1.0,0.0,Hoffenheim,55.0,1.0,6,82.7,15,26.7,15.0,1,0,11,1,3,100.0,1,
22,Dortmund,2020-10-03, 3,Em casa,V,4.0,0.0,Freiburg,66.0,4.0,3,88.8,16,37.5,4.0,1,0,8,1,2,100.0,1,
23,Dortmund,2020-09-26, 2,Visitante,D,0.0,2.0,Augsburg,79.0,2.0,11,89.3,18,33.3,0.0,4,0,8,4,4,50.0,0,
24,Dortmund,2020-09-19, 1,Em casa,V,3.0,0.0,M'Gladbach,48.0,3.0,1,86.5,9,33.3,3.0,1,0,11,1,2,100.0,1,
0,Leverkusen,2021-03-14,25,Em casa,D,1.0,2.0,Arminia,74.0,3.0,9,87.7,20,25.0,20.0,2,0,16,2,6,66.7,0,https://d2p3bygnnzw9w3.cloudfront.net/req/202103121/tlogo/fb/c7a9f859.png
1,Leverkusen,2021-03-06,24,Visitante,V,1.0,0.0,M'Gladbach,57.0,1.0,8,83.9,13,38.5,13.0,2,0,12,2,3,100.0,1,
2,Leverkusen,2021-02-28,23,Em casa,D,1.0,2.0,Freiburg,66.0,3.0,8,85.5,22,22.7,22.0,2,0,13,2,3,33.3,0,
3,Leverkusen,2021-02-21,22,Visitante,E,1.0,1.0,Augsburg,73.0,2.0,4,84.9,10,30.0,10.0,4,0,15,4,3,66.7,0,
4,Leverkusen,2021-02-13,21,Em casa,E,2.0,2.0,Mainz 05,67.0,4.0,2,86.8,11,36.4,5.5,5,0,14,5,5,60.0,0,
5,Leverkusen,2021-02-06,20,Em casa,V,5.0,2.0,Stuttgart,56.0,7.0,4,80.1,26,50.0,5.2,0,0,12,0,7,71.4,0,
6,Leverkusen,2021-01-30,19,Visitante,D,0.0,1.0,RB Leipzig,54.0,1.0,6,79.0,8,37.5,0.0,2,0,16,2,2,50.0,0,
7,Leverkusen,2021-01-23,18,Em casa,D,0.0,1.0,Wolfsburg,64.0,1.0,6,81.0,10,30.0,0.0,1,0,15,1,4,75.0,0,
8,Leverkusen,2021-01-19,17,Em casa,V,2.0,1.0,Dortmund,48.0,3.0,6,83.1,23,56.5,11.5,2,0,13,2,2,50.0,0,
9,Leverkusen,2021-01-15,16,Visitante,D,0.0,1.0,Union Berlin,66.0,1.0,3,84.6,13,23.1,0.0,2,0,9,2,3,66.7,0,
10,Leverkusen,2021-01-09,15,Em casa,E,1.0,1.0,Werder Bremen,73.0,2.0,3,84.6,12,25.0,12.0,2,0,22,2,1,0.0,0,
11,Leverkusen,2021-01-02,14,Visitante,D,1.0,2.0,Eint Frankfurt,65.0,3.0,7,83.3,7,28.6,7.0,0,0,6,0,4,50.0,0,
12,Leverkusen,2020-12-19,13,Em casa,D,1.0,2.0,Bayern Munich,51.0,3.0,5,79.5,7,42.9,7.0,1,0,14,1,3,33.3,0,
13,Leverkusen,2020-12-16,12,Visitante,V,4.0,0.0,Köln,67.0,4.0,6,86.4,14,50.0,3.5,1,0,13,1,1,100.0,1,
14,Leverkusen,2020-12-13,11,Em casa,V,4.0,1.0,Hoffenheim,61.0,5.0,6,85.1,12,58.3,3.0,3,0,12,3,4,75.0,0,
15,Leverkusen,2020-12-06,10,Visitante,V,3.0,0.0,Schalke 04,63.0,3.0,8,83.8,25,36.0,8.333333333333334,3,0,12,3,3,100.0,1,
16,Leverkusen,2020-11-29, 9,Em casa,E,0.0,0.0,Hertha BSC,58.0,0.0,6,81.3,16,12.5,0.0,2,0,19,2,3,100.0,1,
17,Leverkusen,2020-11-21, 8,Visitante,V,2.0,1.0,Arminia,69.0,3.0,10,83.0,9,44.4,4.5,1,0,10,1,0,,0,
18,Leverkusen,2020-11-08, 7,Em casa,V,4.0,3.0,M'Gladbach,59.0,7.0,6,83.2,15,26.7,3.75,4,0,17,4,5,60.0,0,
19,Leverkusen,2020-11-01, 6,Visitante,V,4.0,2.0,Freiburg,60.0,6.0,6,83.3,18,38.9,4.5,2,0,11,2,5,60.0,0,
20,Leverkusen,2020-10-26, 5,Em casa,V,3.0,1.0,Augsburg,66.0,4.0,3,86.9,14,42.9,4.666666666666667,1,0,17,1,3,66.7,0,
21,Leverkusen,2020-10-17, 4,Visitante,V,1.0,0.0,Mainz 05,60.0,1.0,2,83.3,9,44.4,9.0,1,0,7,1,0,,1,
22,Leverkusen,2020-10-03, 3,Visitante,E,1.0,1.0,Stuttgart,52.0,2.0,12,77.3,16,43.8,16.0,2,0,18,2,2,50.0,0,
23,Leverkusen,2020-09-26, 2,Em casa,E,1.0,1.0,RB Leipzig,58.0,2.0,4,81.0,12,33.3,12.0,1,0,16,1,2,50.0,0,
24,Leverkusen,2020-09-20, 1,Visitante,E,0.0,0.0,Wolfsburg,59.0,0.0,4,82.0,6,50.0,0.0,2,0,12,2,1,100.0,1,
0,Union Berlin,2021-03-13,25,Em casa,V,2.0,1.0,Köln,41.0,3.0,6,76.0,13,46.2,6.5,2,0,20,2,4,100.0,0,https://d2p3bygnnzw9w3.cloudfront.net/req/202103121/tlogo/fb/7a41008f.png
1,Union Berlin,2021-03-07,24,Visitante,E,0.0,0.0,Arminia,60.0,0.0,3,83.4,8,37.5,0.0,0,0,6,0,2,100.0,1,
2,Union Berlin,2021-02-28,23,Em casa,E,1.0,1.0,Hoffenheim,48.0,2.0,3,74.0,4,0.0,4.0,0,0,13,0,2,50.0,0,
3,Union Berlin,2021-02-20,22,Visitante,V,1.0,0.0,Freiburg,35.0,1.0,4,74.1,15,26.7,15.0,2,0,15,2,1,100.0,1,
4,Union Berlin,2021-02-13,21,Em casa,E,0.0,0.0,Schalke 04,38.0,0.0,1,70.4,20,15.0,0.0,3,0,18,3,1,100.0,1,
5,Union Berlin,2021-02-06,20,Visitante,D,0.0,1.0,Mainz 05,58.0,1.0,1,75.7,10,40.0,0.0,5,1,10,6,4,100.0,0,
6,Union Berlin,2021-01-30,19,Em casa,E,1.0,1.0,M'Gladbach,43.0,2.0,2,80.3,13,15.4,13.0,1,0,13,1,4,75.0,0,
7,Union Berlin,2021-01-23,18,Visitante,D,1.0,2.0,Augsburg,64.0,3.0,3,77.7,8,50.0,8.0,1,0,23,1,4,50.0,0,
8,Union Berlin,2021-01-20,17,Visitante,D,0.0,1.0,RB Leipzig,33.0,1.0,1,77.3,4,25.0,0.0,1,0,13,1,4,75.0,0,
9,Union Berlin,2021-01-15,16,Em casa,V,1.0,0.0,Leverkusen,34.0,1.0,2,67.7,11,27.3,11.0,1,0,16,1,3,100.0,1,
10,Union Berlin,2021-01-09,15,Em casa,E,2.0,2.0,Wolfsburg,47.0,4.0,5,73.9,13,46.2,6.5,3,0,17,3,4,75.0,0,
11,Union Berlin,2021-01-02,14,Visitante,V,2.0,0.0,Werder Bremen,43.0,2.0,5,66.7,9,22.2,4.5,4,0,17,4,2,100.0,1,
12,Union Berlin,2020-12-18,13,Em casa,V,2.0,1.0,Dortmund,30.0,3.0,8,62.3,12,41.7,6.0,1,0,9,1,3,66.7,0,
13,Union Berlin,2020-12-15,12,Visitante,E,2.0,2.0,Stuttgart,39.0,4.0,3,67.0,14,35.7,7.0,3,0,14,3,5,60.0,0,
14,Union Berlin,2020-12-12,11,Em casa,E,1.0,1.0,Bayern Munich,33.0,2.0,4,69.5,12,41.7,12.0,3,0,17,3,5,80.0,0,
15,Union Berlin,2020-12-04,10,Visitante,D,1.0,3.0,Hertha BSC,32.0,4.0,2,68.5,5,20.0,5.0,3,1,9,4,7,57.1,0,
16,Union Berlin,2020-11-28, 9,Em casa,E,3.0,3.0,Eint Frankfurt,45.0,6.0,4,71.3,14,42.9,4.666666666666667,2,0,13,2,3,0.0,0,
17,Union Berlin,2020-11-22, 8,Visitante,V,2.0,1.0,Köln,51.0,3.0,4,79.4,8,25.0,4.0,2,0,16,2,3,66.7,0,
18,Union Berlin,2020-11-07, 7,Em casa,V,5.0,0.0,Arminia,51.0,5.0,5,86.3,11,72.7,2.2,0,0,19,0,1,100.0,1,
19,Union Berlin,2020-11-02, 6,Visitante,V,3.0,1.0,Hoffenheim,40.0,4.0,6,76.1,8,62.5,2.6666666666666665,2,0,15,2,4,75.0,0,
20,Union Berlin,2020-10-24, 5,Em casa,E,1.0,1.0,Freiburg,50.0,2.0,4,77.0,19,36.8,19.0,1,0,10,1,4,75.0,0,
21,Union Berlin,2020-10-18, 4,Visitante,E,1.0,1.0,Schalke 04,48.0,2.0,7,74.9,13,53.8,13.0,1,0,14,1,4,75.0,0,
22,Union Berlin,2020-10-02, 3,Em casa,V,4.0,0.0,Mainz 05,50.0,4.0,4,79.2,11,63.6,2.75,1,0,14,1,0,,1,
23,Union Berlin,2020-09-26, 2,Visitante,E,1.0,1.0,M'Gladbach,38.0,2.0,5,72.3,15,13.3,15.0,2,0,17,2,6,83.3,0,
24,Union Berlin,2020-09-19, 1,Em casa,D,1.0,3.0,Augsburg,59.0,4.0,8,79.6,14,21.4,14.0,2,0,10,2,5,40.0,0,
0,Freiburg,2021-03-13,25,Visitante,D,0.0,1.0,Mainz 05,52.0,1.0,4,77.8,12,16.7,0.0,3,0,19,3,7,85.7,0,https://d2p3bygnnzw9w3.cloudfront.net/req/202103121/tlogo/fb/a486e511.png
1,Freiburg,2021-03-06,24,Em casa,D,0.0,3.0,RB Leipzig,42.0,3.0,1,75.7,5,20.0,0.0,1,0,12,1,7,57.1,0,
2,Freiburg,2021-02-28,23,Visitante,V,2.0,1.0,Leverkusen,34.0,3.0,3,70.7,6,50.0,3.0,3,0,12,3,5,80.0,0,
3,Freiburg,2021-02-20,22,Em casa,D,0.0,1.0,Union Berlin,65.0,1.0,2,83.0,9,11.1,0.0,2,0,16,2,4,75.0,0,
4,Freiburg,2021-02-13,21,Visitante,E,0.0,0.0,Werder Bremen,53.0,0.0,1,85.6,8,25.0,0.0,2,0,22,2,4,100.0,1,
5,Freiburg,2021-02-06,20,Em casa,V,2.0,1.0,Dortmund,33.0,3.0,1,72.4,6,50.0,3.0,0,0,13,0,5,80.0,0,
6,Freiburg,2021-01-31,19,Visitante,D,0.0,3.0,Wolfsburg,55.0,3.0,10,75.0,11,18.2,0.0,0,0,11,0,5,40.0,0,
7,Freiburg,2021-01-23,18,Em casa,V,2.0,1.0,Stuttgart,38.0,3.0,3,68.0,10,50.0,5.0,2,0,26,2,8,87.5,0,
8,Freiburg,2021-01-20,17,Em casa,E,2.0,2.0,Eint Frankfurt,38.0,4.0,4,62.3,10,40.0,5.0,3,0,12,3,3,33.3,0,
9,Freiburg,2021-01-17,16,Visitante,D,1.0,2.0,Bayern Munich,41.0,3.0,3,76.6,8,37.5,8.0,2,0,16,2,9,77.8,0,
10,Freiburg,2021-01-09,15,Em casa,V,5.0,0.0,Köln,50.0,5.0,1,78.2,13,46.2,2.6,0,0,14,0,2,100.0,1,
11,Freiburg,2021-01-02,14,Visitante,V,3.0,1.0,Hoffenheim,32.0,4.0,3,68.3,8,50.0,2.6666666666666665,2,0,25,2,6,83.3,0,
12,Freiburg,2020-12-20,13,Em casa,V,4.0,1.0,Hertha BSC,43.0,5.0,7,69.8,17,47.1,4.25,0,0,12,0,3,66.7,0,
13,Freiburg,2020-12-16,12,Visitante,V,2.0,0.0,Schalke 04,46.0,2.0,3,78.3,12,25.0,6.0,1,0,11,1,2,100.0,1,
14,Freiburg,2020-12-12,11,Em casa,V,2.0,0.0,Arminia,47.0,2.0,5,81.0,15,40.0,7.5,3,0,17,3,3,100.0,1,
15,Freiburg,2020-12-05,10,Em casa,E,2.0,2.0,M'Gladbach,39.0,4.0,5,74.1,21,28.6,10.5,1,0,16,1,4,50.0,0,
16,Freiburg,2020-11-28, 9,Visitante,E,1.0,1.0,Augsburg,42.0,2.0,1,74.1,10,50.0,10.0,1,0,10,1,2,50.0,0,
17,Freiburg,2020-11-22, 8,Em casa,D,1.0,3.0,Mainz 05,70.0,4.0,9,85.4,21,28.6,21.0,0,0,7,0,8,62.5,0,
18,Freiburg,2020-11-07, 7,Visitante,D,0.0,3.0,RB Leipzig,44.0,3.0,4,74.7,9,33.3,0.0,3,0,16,3,6,66.7,0,
19,Freiburg,2020-11-01, 6,Em casa,D,2.0,4.0,Leverkusen,40.0,6.0,4,74.9,8,62.5,4.0,2,0,11,2,7,42.9,0,
20,Freiburg,2020-10-24, 5,Visitante,E,1.0,1.0,Union Berlin,50.0,2.0,2,75.5,8,50.0,8.0,4,0,15,4,7,85.7,0,
21,Freiburg,2020-10-17, 4,Em casa,E,1.0,1.0,Werder Bremen,63.0,2.0,4,81.5,20,20.0,20.0,3,0,13,3,3,100.0,0,
22,Freiburg,2020-10-03, 3,Visitante,D,0.0,4.0,Dortmund,34.0,4.0,2,79.6,6,33.3,0.0,1,0,12,1,6,33.3,0,
23,Freiburg,2020-09-27, 2,Em casa,E,1.0,1.0,Wolfsburg,52.0,2.0,9,77.5,19,36.8,19.0,0,0,12,0,2,50.0,0,
24,Freiburg,2020-09-19, 1,Visitante,V,3.0,2.0,Stuttgart,36.0,5.0,2,70.6,7,71.4,2.3333333333333335,2,0,18,2,6,66.7,0,
0,M'Gladbach,2021-03-12,25,Visitante,D,1.0,3.0,Augsburg,63.0,4.0,10,84.4,25,28.0,25.0,0,0,11,0,3,0.0,0,https://d2p3bygnnzw9w3.cloudfront.net/req/202103121/tlogo/fb/32f3ee20.png
1,M'Gladbach,2021-03-06,24,Em casa,D,0.0,1.0,Leverkusen,43.0,1.0,7,81.0,8,37.5,0.0,0,0,9,0,5,80.0,0,
2,M'Gladbach,2021-02-27,23,Visitante,D,2.0,3.0,RB Leipzig,34.0,5.0,4,66.9,4,25.0,2.0,2,0,20,2,9,66.7,0,
3,M'Gladbach,2021-02-20,22,Em casa,D,1.0,2.0,Mainz 05,69.0,3.0,4,84.5,12,33.3,12.0,1,0,11,1,6,66.7,0,
4,M'Gladbach,2021-02-14,21,Visitante,E,0.0,0.0,Wolfsburg,45.0,0.0,6,75.3,12,25.0,0.0,3,0,12,3,6,100.0,1,
5,M'Gladbach,2021-02-06,20,Em casa,D,1.0,2.0,Köln,64.0,3.0,4,86.2,10,20.0,10.0,4,0,21,4,3,33.3,0,
6,M'Gladbach,2021-01-30,19,Visitante,E,1.0,1.0,Union Berlin,57.0,2.0,9,86.6,14,28.6,14.0,3,0,13,3,2,50.0,0,
7,M'Gladbach,2021-01-22,18,Em casa,V,4.0,2.0,Dortmund,43.0,6.0,3,79.3,10,70.0,2.5,1,0,14,1,6,66.7,0,
8,M'Gladbach,2021-01-19,17,Em casa,V,1.0,0.0,Werder Bremen,60.0,1.0,7,82.6,11,54.5,11.0,2,0,20,2,2,100.0,1,
9,M'Gladbach,2021-01-16,16,Visitante,E,2.0,2.0,Stuttgart,40.0,4.0,2,77.3,7,57.1,3.5,3,0,21,3,5,80.0,0,
10,M'Gladbach,2021-01-08,15,Em casa,V,3.0,2.0,Bayern Munich,33.0,5.0,3,79.3,8,50.0,2.6666666666666665,1,0,12,1,2,50.0,0,
11,M'Gladbach,2021-01-02,14,Visitante,V,1.0,0.0,Arminia,59.0,1.0,12,80.1,22,31.8,22.0,1,0,7,1,0,,1,
12,M'Gladbach,2020-12-19,13,Em casa,D,1.0,2.0,Hoffenheim,47.0,3.0,3,81.0,14,28.6,14.0,1,1,13,2,5,60.0,0,
13,M'Gladbach,2020-12-15,12,Visitante,E,3.0,3.0,Eint Frankfurt,60.0,6.0,5,75.8,7,42.9,2.3333333333333335,4,0,15,4,2,0.0,0,
14,M'Gladbach,2020-12-12,11,Em casa,E,1.0,1.0,Hertha BSC,56.0,2.0,13,76.3,15,20.0,15.0,3,0,9,3,2,50.0,0,
15,M'Gladbach,2020-12-05,10,Visitante,E,2.0,2.0,Freiburg,61.0,4.0,5,83.6,12,33.3,6.0,2,0,21,2,6,83.3,0,
16,M'Gladbach,2020-11-28, 9,Em casa,V,4.0,1.0,Schalke 04,57.0,5.0,5,83.2,18,50.0,4.5,2,0,11,2,2,50.0,0,
17,M'Gladbach,2020-11-21, 8,Em casa,E,1.0,1.0,Augsburg,53.0,2.0,2,81.7,15,40.0,15.0,1,0,9,1,5,80.0,0,
18,M'Gladbach,2020-11-08, 7,Visitante,D,3.0,4.0,Leverkusen,41.0,7.0,2,75.5,14,35.7,4.666666666666667,2,0,11,2,4,0.0,0,
19,M'Gladbach,2020-10-31, 6,Em casa,V,1.0,0.0,RB Leipzig,48.0,1.0,2,79.2,5,60.0,5.0,2,0,16,2,3,100.0,1,
20,M'Gladbach,2020-10-24, 5,Visitante,V,3.0,2.0,Mainz 05,59.0,5.0,7,82.7,20,40.0,6.666666666666667,3,0,12,3,6,66.7,0,
21,M'Gladbach,2020-10-17, 4,Em casa,E,1.0,1.0,Wolfsburg,47.0,2.0,5,73.8,12,8.3,12.0,2,0,15,2,5,80.0,0,
22,M'Gladbach,2020-10-03, 3,Visitante,V,3.0,1.0,Köln,59.0,4.0,10,83.6,14,64.3,4.666666666666667,3,0,12,3,2,50.0,0,
23,M'Gladbach,2020-09-26, 2,Em casa,E,1.0,1.0,Union Berlin,62.0,2.0,7,84.6,14,42.9,14.0,1,0,11,1,2,50.0,0,
24,M'Gladbach,2020-09-19, 1,Visitante,D,0.0,3.0,Dortmund,52.0,3.0,3,88.4,8,25.0,0.0,1,0,9,1,3,33.3,0,
0,Stuttgart,2021-03-14,25,Em casa,V,2.0,0.0,Hoffenheim,43.0,2.0,4,80.0,7,57.1,3.5,0,0,17,0,5,100.0,1,https://d2p3bygnnzw9w3.cloudfront.net/req/202103121/tlogo/fb/598bc722.png
1,Stuttgart,2021-03-06,24,Visitante,E,1.0,1.0,Eint Frankfurt,42.0,2.0,4,73.1,8,12.5,8.0,3,0,19,3,7,85.7,0,
2,Stuttgart,2021-02-27,23,Em casa,V,5.0,1.0,Schalke 04,48.0,6.0,10,75.8,18,55.6,3.6,2,0,18,2,4,75.0,0,
3,Stuttgart,2021-02-20,22,Visitante,V,1.0,0.0,Köln,48.0,1.0,6,80.7,9,33.3,9.0,1,0,11,1,0,,1,
4,Stuttgart,2021-02-13,21,Em casa,E,1.0,1.0,Hertha BSC,52.0,2.0,1,81.8,11,27.3,11.0,2,0,20,2,1,0.0,0,
5,Stuttgart,2021-02-06,20,Visitante,D,2.0,5.0,Leverkusen,44.0,7.0,4,75.9,13,53.8,6.5,0,0,11,0,13,61.5,0,
6,Stuttgart,2021-01-29,19,Em casa,V,2.0,0.0,Mainz 05,53.0,2.0,2,77.4,12,33.3,6.0,1,0,11,1,2,100.0,1,
7,Stuttgart,2021-01-23,18,Visitante,D,1.0,2.0,Freiburg,62.0,3.0,5,78.9,23,34.8,23.0,0,0,12,0,5,60.0,0,
8,Stuttgart,2021-01-20,17,Visitante,D,0.0,3.0,Arminia,66.0,3.0,6,85.9,10,30.0,0.0,0,0,10,0,4,25.0,0,
9,Stuttgart,2021-01-16,16,Em casa,E,2.0,2.0,M'Gladbach,60.0,4.0,5,84.3,19,26.3,9.5,2,0,11,2,4,75.0,0,
10,Stuttgart,2021-01-10,15,Visitante,V,4.0,1.0,Augsburg,57.0,5.0,11,84.1,25,36.0,6.25,2,0,14,2,3,66.7,0,
11,Stuttgart,2021-01-02,14,Em casa,D,0.0,1.0,RB Leipzig,45.0,1.0,3,76.9,9,11.1,0.0,2,0,10,2,7,85.7,0,
12,Stuttgart,2020-12-20,13,Visitante,D,0.0,1.0,Wolfsburg,51.0,1.0,6,76.8,10,20.0,0.0,3,0,9,3,5,80.0,0,
13,Stuttgart,2020-12-15,12,Em casa,E,2.0,2.0,Union Berlin,61.0,4.0,2,79.6,13,38.5,6.5,3,0,16,3,5,60.0,0,
14,Stuttgart,2020-12-12,11,Visitante,V,5.0,1.0,Dortmund,29.0,6.0,3,75.2,18,50.0,3.6,3,0,15,3,4,75.0,0,
15,Stuttgart,2020-12-06,10,Visitante,V,2.0,1.0,Werder Bremen,47.0,3.0,4,75.5,10,50.0,5.0,4,0,19,4,3,66.7,0,
16,Stuttgart,2020-11-28, 9,Em casa,D,1.0,3.0,Bayern Munich,43.0,4.0,4,77.8,15,33.3,15.0,0,0,11,0,6,50.0,0,
17,Stuttgart,2020-11-21, 8,Visitante,E,3.0,3.0,Hoffenheim,57.0,6.0,4,81.3,22,40.9,7.333333333333333,2,0,21,2,7,71.4,0,
18,Stuttgart,2020-11-07, 7,Em casa,E,2.0,2.0,Eint Frankfurt,41.0,4.0,10,73.3,14,28.6,7.0,2,0,14,2,7,71.4,0,
19,Stuttgart,2020-10-30, 6,Visitante,E,1.0,1.0,Schalke 04,53.0,2.0,4,83.6,19,36.8,19.0,2,0,16,2,2,50.0,0,
20,Stuttgart,2020-10-23, 5,Em casa,E,1.0,1.0,Köln,58.0,2.0,3,82.9,8,50.0,8.0,2,0,12,2,3,100.0,0,
21,Stuttgart,2020-10-17, 4,Visitante,V,2.0,0.0,Hertha BSC,37.0,2.0,4,67.2,7,28.6,3.5,2,0,14,2,4,100.0,1,
22,Stuttgart,2020-10-03, 3,Em casa,E,1.0,1.0,Leverkusen,48.0,2.0,7,77.4,12,16.7,12.0,3,0,9,3,7,85.7,0,
23,Stuttgart,2020-09-26, 2,Visitante,V,4.0,1.0,Mainz 05,51.0,5.0,9,78.3,13,53.8,3.25,4,1,16,5,2,50.0,0,
24,Stuttgart,2020-09-19, 1,Em casa,D,2.0,3.0,Freiburg,64.0,5.0,7,81.9,26,23.1,13.0,2,0,12,2,5,40.0,0,
0,Hoffenheim,2021-03-14,25,Visitante,D,0.0,2.0,Stuttgart,57.0,2.0,4,82.7,16,31.3,0.0,2,0,14,2,4,50.0,0,https://d2p3bygnnzw9w3.cloudfront.net/req/202103121/tlogo/fb/033ea6b8.png
1,Hoffenheim,2021-03-06,24,Em casa,V,2.0,1.0,Wolfsburg,40.0,3.0,2,69.5,9,44.4,4.5,2,0,16,2,6,83.3,0,
2,Hoffenheim,2021-02-28,23,Visitante,E,1.0,1.0,Union Berlin,52.0,2.0,4,79.5,14,14.3,14.0,2,0,12,2,0,,0,
3,Hoffenheim,2021-02-21,22,Em casa,V,4.0,0.0,Werder Bremen,52.0,4.0,6,80.6,13,46.2,3.25,2,0,16,2,1,100.0,1,
4,Hoffenheim,2021-02-13,21,Visitante,E,2.0,2.0,Dortmund,47.0,4.0,7,71.9,13,46.2,6.5,7,0,17,7,3,33.3,0,
5,Hoffenheim,2021-02-07,20,Em casa,D,1.0,3.0,Eint Frankfurt,47.0,4.0,4,80.6,8,12.5,8.0,0,0,15,0,5,40.0,0,
6,Hoffenheim,2021-01-30,19,Visitante,D,1.0,4.0,Bayern Munich,39.0,5.0,4,78.7,16,31.3,16.0,0,0,12,0,9,55.6,0,
7,Hoffenheim,2021-01-24,18,Em casa,V,3.0,0.0,Köln,45.0,3.0,6,74.7,11,18.2,3.6666666666666665,2,0,8,2,2,100.0,1,
8,Hoffenheim,2021-01-19,17,Visitante,V,3.0,0.0,Hertha BSC,42.0,3.0,2,79.0,11,54.5,3.6666666666666665,1,0,18,1,0,,1,
9,Hoffenheim,2021-01-16,16,Em casa,E,0.0,0.0,Arminia,54.0,0.0,5,80.8,11,45.5,0.0,1,0,10,1,2,100.0,1,
10,Hoffenheim,2021-01-09,15,Visitante,D,0.0,4.0,Schalke 04,60.0,4.0,4,81.6,19,26.3,0.0,4,0,14,4,5,20.0,0,
11,Hoffenheim,2021-01-02,14,Em casa,D,1.0,3.0,Freiburg,68.0,4.0,8,84.2,14,42.9,14.0,2,0,15,2,4,50.0,0,
12,Hoffenheim,2020-12-19,13,Visitante,V,2.0,1.0,M'Gladbach,53.0,3.0,3,82.0,16,31.3,8.0,3,0,22,3,4,100.0,0,
13,Hoffenheim,2020-12-16,12,Em casa,D,0.0,1.0,RB Leipzig,45.0,1.0,5,77.1,6,50.0,0.0,2,0,18,2,3,66.7,0,
14,Hoffenheim,2020-12-13,11,Visitante,D,1.0,4.0,Leverkusen,39.0,5.0,5,76.9,11,36.4,11.0,6,2,13,8,7,57.1,0,
15,Hoffenheim,2020-12-07,10,Em casa,V,3.0,1.0,Augsburg,54.0,4.0,4,83.5,10,70.0,3.3333333333333335,0,0,17,0,2,50.0,0,
16,Hoffenheim,2020-11-29, 9,Visitante,E,1.0,1.0,Mainz 05,64.0,2.0,5,83.1,10,40.0,10.0,0,1,9,1,4,75.0,0,
17,Hoffenheim,2020-11-21, 8,Em casa,E,3.0,3.0,Stuttgart,43.0,6.0,3,77.3,12,58.3,4.0,3,0,17,3,9,66.7,0,
18,Hoffenheim,2020-11-08, 7,Visitante,D,1.0,2.0,Wolfsburg,55.0,3.0,7,75.9,14,28.6,14.0,3,0,15,3,7,71.4,0,
19,Hoffenheim,2020-11-02, 6,Em casa,D,1.0,3.0,Union Berlin,60.0,4.0,3,84.9,10,40.0,10.0,1,1,19,2,5,60.0,0,
20,Hoffenheim,2020-10-25, 5,Visitante,E,1.0,1.0,Werder Bremen,50.0,2.0,4,79.2,14,28.6,14.0,2,0,22,2,2,50.0,0,
21,Hoffenheim,2020-10-17, 4,Em casa,D,0.0,1.0,Dortmund,45.0,1.0,4,80.3,9,33.3,0.0,1,0,13,1,4,75.0,0,
22,Hoffenheim,2020-10-03, 3,Visitante,D,1.0,2.0,Eint Frankfurt,48.0,3.0,7,79.3,11,27.3,11.0,3,0,16,3,6,66.7,0,
23,Hoffenheim,2020-09-27, 2,Em casa,V,4.0,1.0,Bayern Munich,29.0,5.0,3,63.5,16,43.8,4.0,3,0,15,3,3,66.7,0,
24,Hoffenheim,2020-09-19, 1,Visitante,V,3.0,2.0,Köln,51.0,5.0,6,78.2,12,50.0,4.0,4,0,17,4,6,66.7,0,
0,Werder Bremen,2021-03-13,25,Em casa,D,1.0,3.0,Bayern Munich,44.0,4.0,3,79.6,8,50.0,8.0,1,0,6,1,5,40.0,0,https://d2p3bygnnzw9w3.cloudfront.net/req/202103121/tlogo/fb/62add3bf.png
1,Werder Bremen,2021-03-10,20,Visitante,V,2.0,0.0,Arminia,41.0,2.0,0,66.9,5,40.0,2.5,2,0,10,2,6,100.0,1,
2,Werder Bremen,2021-03-07,24,Visitante,E,1.0,1.0,Köln,32.0,2.0,3,71.2,12,41.7,12.0,0,0,10,0,4,75.0,0,
3,Werder Bremen,2021-02-26,23,Em casa,V,2.0,1.0,Eint Frankfurt,31.0,3.0,2,67.8,9,55.6,4.5,4,0,9,4,4,75.0,0,
4,Werder Bremen,2021-02-21,22,Visitante,D,0.0,4.0,Hoffenheim,48.0,4.0,3,80.5,2,50.0,0.0,2,0,14,2,6,33.3,0,
5,Werder Bremen,2021-02-13,21,Em casa,E,0.0,0.0,Freiburg,47.0,0.0,4,82.4,12,33.3,0.0,0,0,8,0,2,100.0,1,
6,Werder Bremen,2021-01-30,19,Em casa,E,1.0,1.0,Schalke 04,49.0,2.0,6,77.3,15,33.3,15.0,0,0,13,0,1,0.0,0,
7,Werder Bremen,2021-01-23,18,Visitante,V,4.0,1.0,Hertha BSC,33.0,5.0,1,69.9,6,66.7,1.5,3,0,15,3,9,88.9,0,
8,Werder Bremen,2021-01-19,17,Visitante,D,0.0,1.0,M'Gladbach,40.0,1.0,5,79.8,13,15.4,0.0,2,0,13,2,6,83.3,0,
9,Werder Bremen,2021-01-16,16,Em casa,V,2.0,0.0,Augsburg,48.0,2.0,4,77.9,11,45.5,5.5,0,0,11,0,1,100.0,1,
10,Werder Bremen,2021-01-09,15,Visitante,E,1.0,1.0,Leverkusen,27.0,2.0,1,61.2,2,50.0,2.0,2,0,14,2,3,66.7,0,
11,Werder Bremen,2021-01-02,14,Em casa,D,0.0,2.0,Union Berlin,57.0,2.0,6,75.1,11,18.2,0.0,2,0,18,2,2,0.0,0,
12,Werder Bremen,2020-12-19,13,Visitante,V,1.0,0.0,Mainz 05,56.0,1.0,5,84.8,15,46.7,15.0,2,0,11,2,1,100.0,1,
13,Werder Bremen,2020-12-15,12,Em casa,D,1.0,2.0,Dortmund,46.0,3.0,4,79.9,6,50.0,6.0,3,0,13,3,8,75.0,0,
14,Werder Bremen,2020-12-12,11,Visitante,D,0.0,2.0,RB Leipzig,45.0,2.0,6,79.3,10,20.0,0.0,1,0,13,1,6,83.3,0,
15,Werder Bremen,2020-12-06,10,Em casa,D,1.0,2.0,Stuttgart,53.0,3.0,2,75.8,13,23.1,13.0,4,0,11,4,5,80.0,0,
16,Werder Bremen,2020-11-27, 9,Visitante,D,3.0,5.0,Wolfsburg,39.0,8.0,5,78.6,5,80.0,1.6666666666666667,3,1,12,4,6,16.7,0,
17,Werder Bremen,2020-11-21, 8,Visitante,E,1.0,1.0,Bayern Munich,30.0,2.0,3,66.9,8,50.0,8.0,3,0,13,3,2,50.0,0,
18,Werder Bremen,2020-11-06, 7,Em casa,E,1.0,1.0,Köln,66.0,2.0,1,87.6,18,16.7,18.0,2,0,22,2,1,0.0,0,
19,Werder Bremen,2020-10-31, 6,Visitante,E,1.0,1.0,Eint Frankfurt,29.0,2.0,3,70.9,11,36.4,11.0,3,0,17,3,5,80.0,0,
20,Werder Bremen,2020-10-25, 5,Em casa,E,1.0,1.0,Hoffenheim,50.0,2.0,1,78.4,5,40.0,5.0,2,0,13,2,4,75.0,0,
21,Werder Bremen,2020-10-17, 4,Visitante,E,1.0,1.0,Freiburg,37.0,2.0,4,76.7,12,25.0,12.0,3,0,18,3,4,75.0,0,
22,Werder Bremen,2020-10-03, 3,Em casa,V,1.0,0.0,Arminia,38.0,1.0,2,70.0,8,25.0,8.0,2,0,13,2,4,100.0,1,
23,Werder Bremen,2020-09-26, 2,Visitante,V,3.0,1.0,Schalke 04,35.0,4.0,3,55.7,17,29.4,5.666666666666667,2,0,13,2,4,75.0,0,
24,Werder Bremen,2020-09-19, 1,Em casa,D,1.0,4.0,Hertha BSC,46.0,5.0,7,70.5,16,37.5,16.0,2,0,13,2,6,33.3,0,
0,Augsburg,2021-03-12,25,Em casa,V,3.0,1.0,M'Gladbach,37.0,4.0,1,74.2,10,30.0,3.3333333333333335,0,0,6,0,7,85.7,0,https://d2p3bygnnzw9w3.cloudfront.net/req/202103121/tlogo/fb/0cdc4311.png
1,Augsburg,2021-03-06,24,Visitante,D,1.0,2.0,Hertha BSC,36.0,3.0,1,66.4,8,50.0,8.0,3,0,16,3,6,83.3,0,
2,Augsburg,2021-02-28,23,Visitante,V,1.0,0.0,Mainz 05,39.0,1.0,3,58.9,9,22.2,9.0,2,0,9,2,6,100.0,1,
3,Augsburg,2021-02-21,22,Em casa,E,1.0,1.0,Leverkusen,27.0,2.0,1,61.7,6,50.0,6.0,2,0,17,2,3,66.7,0,
4,Augsburg,2021-02-12,21,Visitante,D,1.0,2.0,RB Leipzig,40.0,3.0,4,70.0,3,33.3,3.0,5,0,17,5,5,80.0,0,
5,Augsburg,2021-02-06,20,Em casa,D,0.0,2.0,Wolfsburg,46.0,2.0,7,73.3,9,11.1,0.0,2,0,12,2,6,66.7,0,
6,Augsburg,2021-01-30,19,Visitante,D,1.0,3.0,Dortmund,34.0,4.0,1,73.8,6,16.7,6.0,1,0,12,1,5,40.0,0,
7,Augsburg,2021-01-23,18,Em casa,V,2.0,1.0,Union Berlin,36.0,3.0,2,70.5,8,50.0,4.0,3,0,14,3,4,75.0,0,
8,Augsburg,2021-01-20,17,Em casa,D,0.0,1.0,Bayern Munich,39.0,1.0,5,73.8,8,0.0,0.0,2,0,18,2,3,100.0,0,
9,Augsburg,2021-01-16,16,Visitante,D,0.0,2.0,Werder Bremen,52.0,2.0,4,79.8,6,16.7,0.0,1,0,18,1,5,60.0,0,
10,Augsburg,2021-01-10,15,Em casa,D,1.0,4.0,Stuttgart,43.0,5.0,4,78.7,12,25.0,12.0,3,1,7,4,9,66.7,0,
11,Augsburg,2021-01-02,14,Visitante,V,1.0,0.0,Köln,53.0,1.0,3,83.5,11,45.5,11.0,3,0,16,3,2,100.0,1,
12,Augsburg,2020-12-19,13,Em casa,D,0.0,2.0,Eint Frankfurt,46.0,2.0,2,73.1,15,26.7,0.0,1,0,11,1,6,66.7,0,
13,Augsburg,2020-12-16,12,Visitante,V,1.0,0.0,Arminia,51.0,1.0,3,70.5,9,22.2,9.0,2,0,16,2,2,100.0,1,
14,Augsburg,2020-12-13,11,Em casa,E,2.0,2.0,Schalke 04,40.0,4.0,2,67.0,9,44.4,4.5,2,1,16,3,4,50.0,0,
15,Augsburg,2020-12-07,10,Visitante,D,1.0,3.0,Hoffenheim,46.0,4.0,3,77.0,12,16.7,12.0,1,0,11,1,7,57.1,0,
16,Augsburg,2020-11-28, 9,Em casa,E,1.0,1.0,Freiburg,58.0,2.0,4,82.1,10,20.0,10.0,3,0,15,3,5,80.0,0,
17,Augsburg,2020-11-21, 8,Visitante,E,1.0,1.0,M'Gladbach,47.0,2.0,1,79.8,9,55.6,9.0,4,1,11,5,6,83.3,0,
18,Augsburg,2020-11-07, 7,Em casa,D,0.0,3.0,Hertha BSC,47.0,3.0,2,80.6,9,11.1,0.0,3,0,16,3,5,60.0,0,
19,Augsburg,2020-10-31, 6,Em casa,V,3.0,1.0,Mainz 05,50.0,4.0,4,81.6,12,50.0,4.0,5,0,13,5,4,75.0,0,
20,Augsburg,2020-10-26, 5,Visitante,D,1.0,3.0,Leverkusen,34.0,4.0,3,73.9,7,42.9,7.0,2,0,8,2,6,66.7,0,
21,Augsburg,2020-10-17, 4,Em casa,D,0.0,2.0,RB Leipzig,32.0,2.0,5,70.9,6,33.3,0.0,0,0,11,0,6,66.7,0,
22,Augsburg,2020-10-04, 3,Visitante,E,0.0,0.0,Wolfsburg,37.0,0.0,2,70.9,9,11.1,0.0,1,0,15,1,5,80.0,1,
23,Augsburg,2020-09-26, 2,Em casa,V,2.0,0.0,Dortmund,21.0,2.0,3,66.4,6,66.7,3.0,3,0,9,3,6,100.0,1,
24,Augsburg,2020-09-19, 1,Visitante,V,3.0,1.0,Union Berlin,41.0,4.0,1,77.5,9,55.6,3.0,0,0,10,0,3,66.7,0,
0,Köln,2021-03-13,25,Visitante,D,1.0,2.0,Union Berlin,59.0,3.0,6,82.5,8,50.0,8.0,3,0,14,3,6,83.3,0,https://d2p3bygnnzw9w3.cloudfront.net/req/202103121/tlogo/fb/bc357bf7.png
1,Köln,2021-03-07,24,Em casa,E,1.0,1.0,Werder Bremen,68.0,2.0,9,82.5,16,25.0,16.0,2,0,13,2,5,80.0,0,
2,Köln,2021-02-27,23,Visitante,D,1.0,5.0,Bayern Munich,45.0,6.0,4,78.7,6,50.0,6.0,1,0,12,1,7,28.6,0,
3,Köln,2021-02-20,22,Em casa,D,0.0,1.0,Stuttgart,52.0,1.0,0,81.9,9,0.0,0.0,2,0,17,2,3,66.7,0,
4,Köln,2021-02-14,21,Visitante,D,0.0,2.0,Eint Frankfurt,40.0,2.0,2,72.2,6,16.7,0.0,1,0,7,1,7,71.4,0,
5,Köln,2021-02-06,20,Visitante,V,2.0,1.0,M'Gladbach,36.0,3.0,1,74.2,7,42.9,3.5,2,0,14,2,2,50.0,0,
6,Köln,2021-01-31,19,Em casa,V,3.0,1.0,Arminia,44.0,4.0,3,70.3,14,35.7,4.666666666666667,2,0,15,2,3,66.7,0,
7,Köln,2021-01-24,18,Visitante,D,0.0,3.0,Hoffenheim,55.0,3.0,9,76.6,14,14.3,0.0,3,0,14,3,2,50.0,0,
8,Köln,2021-01-20,17,Visitante,V,2.0,1.0,Schalke 04,35.0,3.0,8,73.4,13,23.1,6.5,1,0,12,1,6,83.3,0,
9,Köln,2021-01-16,16,Em casa,E,0.0,0.0,Hertha BSC,50.0,0.0,5,75.5,8,12.5,0.0,2,0,16,2,3,100.0,1,
10,Köln,2021-01-09,15,Visitante,D,0.0,5.0,Freiburg,50.0,5.0,3,76.2,5,40.0,0.0,0,0,12,0,6,16.7,0,
11,Köln,2021-01-02,14,Em casa,D,0.0,1.0,Augsburg,47.0,1.0,8,73.8,12,16.7,0.0,2,0,22,2,5,80.0,0,
12,Köln,2020-12-19,13,Visitante,E,0.0,0.0,RB Leipzig,37.0,0.0,2,73.5,4,25.0,0.0,0,0,9,0,6,100.0,1,
13,Köln,2020-12-16,12,Em casa,D,0.0,4.0,Leverkusen,33.0,4.0,2,70.8,7,14.3,0.0,1,0,15,1,7,42.9,0,
14,Köln,2020-12-12,11,Visitante,V,1.0,0.0,Mainz 05,40.0,1.0,3,73.3,9,66.7,9.0,4,1,13,5,4,100.0,1,
15,Köln,2020-12-05,10,Em casa,E,2.0,2.0,Wolfsburg,40.0,4.0,3,72.4,6,50.0,3.0,0,0,13,0,6,66.7,0,
16,Köln,2020-11-28, 9,Visitante,V,2.0,1.0,Dortmund,31.0,3.0,2,72.2,6,83.3,3.0,2,0,12,2,4,75.0,0,
17,Köln,2020-11-22, 8,Em casa,D,1.0,2.0,Union Berlin,49.0,3.0,5,77.1,10,30.0,10.0,1,0,13,1,2,0.0,0,
18,Köln,2020-11-06, 7,Visitante,E,1.0,1.0,Werder Bremen,34.0,2.0,3,76.0,7,14.3,7.0,2,0,21,2,3,100.0,0,
19,Köln,2020-10-31, 6,Em casa,D,1.0,2.0,Bayern Munich,38.0,3.0,5,74.9,9,22.2,9.0,1,0,14,1,3,66.7,0,
20,Köln,2020-10-23, 5,Visitante,E,1.0,1.0,Stuttgart,42.0,2.0,5,76.4,14,21.4,14.0,5,0,18,5,4,75.0,0,
21,Köln,2020-10-18, 4,Em casa,E,1.0,1.0,Eint Frankfurt,41.0,2.0,2,68.6,9,55.6,9.0,3,0,20,3,3,100.0,0,
22,Köln,2020-10-03, 3,Em casa,D,1.0,3.0,M'Gladbach,41.0,4.0,4,76.0,8,25.0,8.0,3,0,22,3,9,77.8,0,
23,Köln,2020-09-26, 2,Visitante,D,0.0,1.0,Arminia,53.0,1.0,7,78.2,10,20.0,0.0,3,0,16,3,3,66.7,0,
24,Köln,2020-09-19, 1,Em casa,D,2.0,3.0,Hoffenheim,49.0,5.0,1,80.5,13,46.2,6.5,3,0,16,3,6,66.7,0,
0,Hertha BSC,2021-03-13,25,Visitante,D,0.0,2.0,Dortmund,28.0,2.0,0,78.4,4,0.0,0.0,1,1,12,2,4,50.0,0,https://d2p3bygnnzw9w3.cloudfront.net/req/202103121/tlogo/fb/2818f8bc.png
1,Hertha BSC,2021-03-06,24,Em casa,V,2.0,1.0,Augsburg,64.0,3.0,6,79.5,16,37.5,8.0,2,0,20,2,4,75.0,0,
2,Hertha BSC,2021-02-27,23,Visitante,D,0.0,2.0,Wolfsburg,43.0,2.0,5,70.4,9,22.2,0.0,0,0,16,0,2,0.0,0,
3,Hertha BSC,2021-02-21,22,Em casa,D,0.0,3.0,RB Leipzig,48.0,3.0,3,76.7,9,44.4,0.0,1,0,11,1,6,50.0,0,
4,Hertha BSC,2021-02-13,21,Visitante,E,1.0,1.0,Stuttgart,48.0,2.0,5,77.7,10,10.0,10.0,2,0,18,2,3,66.7,0,
5,Hertha BSC,2021-02-05,20,Em casa,D,0.0,1.0,Bayern Munich,38.0,1.0,3,75.9,10,70.0,0.0,2,0,13,2,5,80.0,0,
6,Hertha BSC,2021-01-30,19,Visitante,D,1.0,3.0,Eint Frankfurt,39.0,4.0,7,70.1,9,33.3,9.0,4,0,16,4,6,66.7,0,
7,Hertha BSC,2021-01-23,18,Em casa,D,1.0,4.0,Werder Bremen,67.0,5.0,7,80.5,17,52.9,17.0,2,0,16,2,4,25.0,0,
8,Hertha BSC,2021-01-19,17,Em casa,D,0.0,3.0,Hoffenheim,58.0,3.0,3,80.2,12,0.0,0.0,1,0,18,1,6,50.0,0,
9,Hertha BSC,2021-01-16,16,Visitante,E,0.0,0.0,Köln,50.0,0.0,4,79.1,14,21.4,0.0,3,0,21,3,1,100.0,1,
10,Hertha BSC,2021-01-10,15,Visitante,D,0.0,1.0,Arminia,51.0,1.0,3,75.2,11,45.5,0.0,1,0,17,1,2,50.0,0,
11,Hertha BSC,2021-01-02,14,Em casa,V,3.0,0.0,Schalke 04,61.0,3.0,9,83.1,23,43.5,7.666666666666667,2,0,12,2,4,100.0,1,
12,Hertha BSC,2020-12-20,13,Visitante,D,1.0,4.0,Freiburg,57.0,5.0,3,81.5,9,33.3,9.0,0,0,16,0,8,62.5,0,
13,Hertha BSC,2020-12-15,12,Em casa,E,0.0,0.0,Mainz 05,64.0,0.0,5,83.0,11,0.0,0.0,3,0,18,3,0,,1,
14,Hertha BSC,2020-12-12,11,Visitante,E,1.0,1.0,M'Gladbach,44.0,2.0,2,75.6,7,28.6,7.0,2,0,20,2,3,66.7,0,
15,Hertha BSC,2020-12-04,10,Em casa,V,3.0,1.0,Union Berlin,68.0,4.0,9,85.5,10,70.0,3.3333333333333335,1,0,16,1,1,0.0,0,
16,Hertha BSC,2020-11-29, 9,Visitante,E,0.0,0.0,Leverkusen,42.0,0.0,1,72.9,5,60.0,0.0,1,0,23,1,2,100.0,1,
17,Hertha BSC,2020-11-21, 8,Em casa,D,2.0,5.0,Dortmund,41.0,7.0,4,82.4,8,25.0,4.0,1,0,14,1,8,37.5,0,
18,Hertha BSC,2020-11-07, 7,Visitante,V,3.0,0.0,Augsburg,53.0,3.0,6,82.1,11,45.5,3.6666666666666665,0,0,12,0,1,100.0,1,
19,Hertha BSC,2020-11-01, 6,Em casa,E,1.0,1.0,Wolfsburg,53.0,2.0,8,76.3,20,25.0,20.0,3,0,8,3,4,75.0,0,
20,Hertha BSC,2020-10-24, 5,Visitante,D,1.0,2.0,RB Leipzig,33.0,3.0,3,67.2,9,22.2,9.0,4,1,20,5,7,85.7,0,
21,Hertha BSC,2020-10-17, 4,Em casa,D,0.0,2.0,Stuttgart,63.0,2.0,6,83.1,15,26.7,0.0,2,0,15,2,2,0.0,0,
22,Hertha BSC,2020-10-04, 3,Visitante,D,3.0,4.0,Bayern Munich,35.0,7.0,1,70.3,10,50.0,3.3333333333333335,3,0,19,3,8,62.5,0,
23,Hertha BSC,2020-09-25, 2,Em casa,D,1.0,3.0,Eint Frankfurt,56.0,4.0,4,81.4,12,50.0,12.0,3,0,13,3,2,0.0,0,
24,Hertha BSC,2020-09-19, 1,Visitante,V,4.0,1.0,Werder Bremen,54.0,5.0,4,81.7,13,46.2,3.25,0,0,20,0,6,83.3,0,
0,Arminia,2021-03-14,25,Visitante,V,2.0,1.0,Leverkusen,26.0,3.0,5.0,63.1,11,54.5,5.5,1,0,12,1,5,80.0,0,https://d2p3bygnnzw9w3.cloudfront.net/req/202103121/tlogo/fb/247c4b67.png
1,Arminia,2021-03-10,20,Em casa,D,0.0,2.0,Werder Bremen,59.0,2.0,9.0,77.0,26,23.1,0.0,1,1,12,2,2,0.0,0,
2,Arminia,2021-03-07,24,Em casa,E,0.0,0.0,Union Berlin,40.0,0.0,3.0,76.1,4,50.0,0.0,0,0,11,0,3,100.0,1,
3,Arminia,2021-02-27,23,Visitante,D,0.0,3.0,Dortmund,38.0,3.0,2.0,79.6,8,25.0,0.0,3,0,19,3,8,75.0,0,
4,Arminia,2021-02-19,22,Em casa,D,0.0,3.0,Wolfsburg,44.0,3.0,3.0,78.0,7,28.6,0.0,0,0,10,0,6,50.0,0,
5,Arminia,2021-02-15,21,Visitante,E,3.0,3.0,Bayern Munich,36.0,6.0,2.0,74.4,7,42.9,2.3333333333333335,1,0,16,1,12,75.0,0,
6,Arminia,2021-01-31,19,Visitante,D,1.0,3.0,Köln,56.0,4.0,5.0,74.5,9,33.3,9.0,1,0,17,1,5,40.0,0,
7,Arminia,2021-01-23,18,Em casa,D,1.0,5.0,Eint Frankfurt,44.0,6.0,0.0,77.4,8,50.0,8.0,2,0,17,2,8,37.5,0,
8,Arminia,2021-01-20,17,Em casa,V,3.0,0.0,Stuttgart,34.0,3.0,2.0,72.0,11,36.4,3.6666666666666665,1,0,13,1,3,100.0,1,
9,Arminia,2021-01-16,16,Visitante,E,0.0,0.0,Hoffenheim,46.0,0.0,3.0,78.7,8,25.0,0.0,1,0,21,1,5,100.0,1,
10,Arminia,2021-01-10,15,Em casa,V,1.0,0.0,Hertha BSC,49.0,1.0,8.0,76.3,12,16.7,12.0,1,0,15,1,5,100.0,1,
11,Arminia,2021-01-02,14,Em casa,D,0.0,1.0,M'Gladbach,41.0,1.0,3.0,73.5,6,0.0,0.0,2,0,8,2,7,85.7,0,
12,Arminia,2020-12-19,13,Visitante,V,1.0,0.0,Schalke 04,54.0,1.0,6.0,69.6,9,33.3,9.0,5,0,19,5,2,100.0,1,
13,Arminia,2020-12-16,12,Em casa,D,0.0,1.0,Augsburg,49.0,1.0,1.0,68.9,12,16.7,0.0,1,0,16,1,2,50.0,0,
14,Arminia,2020-12-12,11,Visitante,D,0.0,2.0,Freiburg,53.0,2.0,4.0,76.9,5,60.0,0.0,0,0,14,0,6,83.3,0,
15,Arminia,2020-12-05,10,Em casa,V,2.0,1.0,Mainz 05,47.0,3.0,2.0,72.9,12,41.7,6.0,3,0,16,3,5,80.0,0,
16,Arminia,2020-11-28, 9,Visitante,D,1.0,2.0,RB Leipzig,43.0,3.0,7.0,72.2,13,23.1,13.0,2,0,17,2,5,60.0,0,
17,Arminia,2020-11-07, 7,Visitante,D,0.0,5.0,Union Berlin,49.0,5.0,1.0,85.2,6,16.7,0.0,1,0,10,1,8,50.0,0,
18,Arminia,2020-10-31, 6,Em casa,D,0.0,2.0,Dortmund,27.0,2.0,0.0,66.1,5,40.0,0.0,1,0,14,1,10,80.0,0,
19,Arminia,2020-10-25, 5,Visitante,D,1.0,2.0,Wolfsburg,52.0,3.0,3.0,78.0,9,11.1,9.0,1,0,11,1,4,50.0,0,
20,Arminia,2020-10-17, 4,Em casa,D,1.0,4.0,Bayern Munich,35.0,5.0,6.0,75.1,11,45.5,11.0,1,0,7,1,10,60.0,0,
21,Arminia,2020-10-03, 3,Visitante,D,0.0,1.0,Werder Bremen,62.0,1.0,1.0,81.5,9,44.4,0.0,2,0,17,2,2,50.0,0,
22,Arminia,2020-09-26, 2,Em casa,V,1.0,0.0,Köln,47.0,1.0,3.0,80.0,7,42.9,7.0,3,0,13,3,2,100.0,1,
23,Arminia,2020-09-19, 1,Visitante,E,1.0,1.0,Eint Frankfurt,37.0,2.0,3.0,69.5,12,33.3,12.0,2,0,13,2,6,83.3,0,
0,Mainz 05,2021-03-13,25,Em casa,V,1.0,0.0,Freiburg,48.0,1.0,0,77.0,11,63.6,11.0,1,0,26,1,2,100.0,1,https://d2p3bygnnzw9w3.cloudfront.net/req/202103121/tlogo/fb/a224b06a.png
1,Mainz 05,2021-03-05,24,Visitante,E,0.0,0.0,Schalke 04,51.0,0.0,6,67.2,19,10.5,0.0,2,0,16,2,2,100.0,1,
2,Mainz 05,2021-02-28,23,Em casa,D,0.0,1.0,Augsburg,61.0,1.0,5,69.2,11,54.5,0.0,1,0,10,1,2,50.0,0,
3,Mainz 05,2021-02-20,22,Visitante,V,2.0,1.0,M'Gladbach,31.0,3.0,4,61.7,8,75.0,4.0,1,0,21,1,4,75.0,0,
4,Mainz 05,2021-02-13,21,Visitante,E,2.0,2.0,Leverkusen,33.0,4.0,2,62.9,18,27.8,9.0,1,0,19,1,4,50.0,0,
5,Mainz 05,2021-02-06,20,Em casa,V,1.0,0.0,Union Berlin,42.0,1.0,3,65.3,10,40.0,10.0,2,0,13,2,4,100.0,1,
6,Mainz 05,2021-01-29,19,Visitante,D,0.0,2.0,Stuttgart,47.0,2.0,4,70.9,10,20.0,0.0,4,0,21,4,4,50.0,0,
7,Mainz 05,2021-01-23,18,Em casa,V,3.0,2.0,RB Leipzig,33.0,5.0,3,62.3,9,44.4,3.0,2,0,17,2,5,60.0,0,
8,Mainz 05,2021-01-19,17,Em casa,D,0.0,2.0,Wolfsburg,38.0,2.0,2,56.8,8,0.0,0.0,1,0,19,1,2,0.0,0,
9,Mainz 05,2021-01-16,16,Visitante,E,1.0,1.0,Dortmund,28.0,2.0,2,69.1,9,33.3,9.0,2,0,20,2,8,87.5,0,
10,Mainz 05,2021-01-09,15,Em casa,D,0.0,2.0,Eint Frankfurt,41.0,2.0,3,63.8,9,11.1,0.0,2,0,17,2,5,100.0,0,
11,Mainz 05,2021-01-03,14,Visitante,D,2.0,5.0,Bayern Munich,27.0,7.0,2,73.4,12,50.0,6.0,1,0,9,1,11,63.6,0,
12,Mainz 05,2020-12-19,13,Em casa,D,0.0,1.0,Werder Bremen,44.0,1.0,2,79.5,10,10.0,0.0,2,0,16,2,7,85.7,0,
13,Mainz 05,2020-12-15,12,Visitante,E,0.0,0.0,Hertha BSC,36.0,0.0,4,66.6,5,0.0,0.0,1,0,13,1,0,,1,
14,Mainz 05,2020-12-12,11,Em casa,D,0.0,1.0,Köln,60.0,1.0,5,79.5,15,26.7,0.0,4,0,15,4,6,83.3,0,
15,Mainz 05,2020-12-05,10,Visitante,D,1.0,2.0,Arminia,53.0,3.0,3,74.6,15,33.3,15.0,2,0,17,2,5,60.0,0,
16,Mainz 05,2020-11-29, 9,Em casa,E,1.0,1.0,Hoffenheim,36.0,2.0,11,70.8,10,40.0,10.0,0,0,16,0,4,75.0,0,
17,Mainz 05,2020-11-22, 8,Visitante,V,3.0,1.0,Freiburg,30.0,4.0,4,68.1,20,40.0,6.666666666666667,1,0,14,1,6,83.3,0,
18,Mainz 05,2020-11-07, 7,Em casa,E,2.0,2.0,Schalke 04,33.0,4.0,4,67.2,11,45.5,5.5,1,0,18,1,3,33.3,0,
19,Mainz 05,2020-10-31, 6,Visitante,D,1.0,3.0,Augsburg,50.0,4.0,1,80.4,9,44.4,9.0,1,0,10,1,6,50.0,0,
20,Mainz 05,2020-10-24, 5,Em casa,D,2.0,3.0,M'Gladbach,41.0,5.0,3,72.5,15,40.0,7.5,5,0,20,5,8,75.0,0,
21,Mainz 05,2020-10-17, 4,Em casa,D,0.0,1.0,Leverkusen,40.0,1.0,6,72.9,6,0.0,0.0,3,0,13,3,4,75.0,0,
22,Mainz 05,2020-10-02, 3,Visitante,D,0.0,4.0,Union Berlin,50.0,4.0,2,77.3,5,0.0,0.0,4,0,12,4,7,42.9,0,
23,Mainz 05,2020-09-26, 2,Em casa,D,1.0,4.0,Stuttgart,49.0,5.0,3,77.4,11,18.2,11.0,2,1,10,3,7,42.9,0,
24,Mainz 05,2020-09-20, 1,Visitante,D,1.0,3.0,RB Leipzig,28.0,4.0,5,73.4,8,12.5,8.0,2,0,15,2,8,75.0,0,
0,Schalke 04,2021-03-13,25,Visitante,D,0.0,5.0,Wolfsburg,47.0,5.0,8,73.1,6,16.7,0.0,1,0,13,1,7,28.6,0,https://d2p3bygnnzw9w3.cloudfront.net/req/202103121/tlogo/fb/c539e393.png
1,Schalke 04,2021-03-05,24,Em casa,E,0.0,0.0,Mainz 05,49.0,0.0,2,70.2,2,100.0,0.0,2,0,10,2,2,100.0,1,
2,Schalke 04,2021-02-27,23,Visitante,D,1.0,5.0,Stuttgart,52.0,6.0,9,78.6,10,40.0,10.0,3,0,19,3,10,50.0,0,
3,Schalke 04,2021-02-20,22,Em casa,D,0.0,4.0,Dortmund,38.0,4.0,4,78.9,13,15.4,0.0,2,0,11,2,6,33.3,0,
4,Schalke 04,2021-02-13,21,Visitante,E,0.0,0.0,Union Berlin,62.0,0.0,6,79.9,5,20.0,0.0,2,0,16,2,3,100.0,1,
5,Schalke 04,2021-02-06,20,Em casa,D,0.0,3.0,RB Leipzig,35.0,3.0,1,71.2,3,33.3,0.0,2,0,16,2,10,70.0,0,
6,Schalke 04,2021-01-30,19,Visitante,E,1.0,1.0,Werder Bremen,51.0,2.0,1,81.6,6,16.7,6.0,4,0,22,4,5,80.0,0,
7,Schalke 04,2021-01-24,18,Em casa,D,0.0,4.0,Bayern Munich,41.0,4.0,3,77.2,13,30.8,0.0,1,0,5,1,12,66.7,0,
8,Schalke 04,2021-01-20,17,Em casa,D,1.0,2.0,Köln,65.0,3.0,5,83.5,15,40.0,15.0,2,0,8,2,3,33.3,0,
9,Schalke 04,2021-01-17,16,Visitante,D,1.0,3.0,Eint Frankfurt,32.0,4.0,2,69.3,4,25.0,4.0,1,0,10,1,10,70.0,0,
10,Schalke 04,2021-01-09,15,Em casa,V,4.0,0.0,Hoffenheim,40.0,4.0,5,74.7,12,41.7,3.0,2,0,15,2,5,100.0,1,
11,Schalke 04,2021-01-02,14,Visitante,D,0.0,3.0,Hertha BSC,39.0,3.0,5,76.1,11,36.4,0.0,2,0,20,2,10,70.0,0,
12,Schalke 04,2020-12-19,13,Em casa,D,0.0,1.0,Arminia,46.0,1.0,1,70.9,10,20.0,0.0,6,0,19,6,3,66.7,0,
13,Schalke 04,2020-12-16,12,Em casa,D,0.0,2.0,Freiburg,54.0,2.0,2,82.3,10,20.0,0.0,2,0,15,2,3,33.3,0,
14,Schalke 04,2020-12-13,11,Visitante,E,2.0,2.0,Augsburg,60.0,4.0,3,77.8,16,25.0,8.0,4,0,13,4,4,50.0,0,
15,Schalke 04,2020-12-06,10,Em casa,D,0.0,3.0,Leverkusen,37.0,3.0,2,70.9,14,21.4,0.0,2,0,18,2,9,66.7,0,
16,Schalke 04,2020-11-28, 9,Visitante,D,1.0,4.0,M'Gladbach,43.0,5.0,4,78.1,13,15.4,13.0,3,0,18,3,9,55.6,0,
17,Schalke 04,2020-11-21, 8,Em casa,D,0.0,2.0,Wolfsburg,43.0,2.0,6,71.5,13,46.2,0.0,0,0,15,0,7,71.4,0,
18,Schalke 04,2020-11-07, 7,Visitante,E,2.0,2.0,Mainz 05,67.0,4.0,9,81.3,21,14.3,10.5,1,0,12,1,5,100.0,0,
19,Schalke 04,2020-10-30, 6,Em casa,E,1.0,1.0,Stuttgart,47.0,2.0,3,81.4,9,22.2,9.0,2,0,13,2,7,100.0,0,
20,Schalke 04,2020-10-24, 5,Visitante,D,0.0,3.0,Dortmund,27.0,3.0,2,70.6,3,0.0,0.0,1,0,19,1,7,57.1,0,
21,Schalke 04,2020-10-18, 4,Em casa,E,1.0,1.0,Union Berlin,52.0,2.0,5,80.0,8,50.0,8.0,3,0,7,3,7,85.7,0,
22,Schalke 04,2020-10-03, 3,Visitante,D,0.0,4.0,RB Leipzig,33.0,4.0,1,76.0,5,20.0,0.0,3,0,12,3,6,50.0,0,
23,Schalke 04,2020-09-26, 2,Em casa,D,1.0,3.0,Werder Bremen,65.0,4.0,8,75.8,18,22.2,18.0,7,1,19,8,5,60.0,0,
24,Schalke 04,2020-09-18, 1,Visitante,D,0.0,8.0,Bayern Munich,37.0,8.0,2,74.9,4,25.0,0.0,2,0,14,2,10,30.0,0,
